dh_utc,temperature_moyenne,pression_moyenne,humidite_moyenne,visibilit√©_moyenne,vent_moyen,vent_rafales_moyen,vent_rafales_max,vent_direction_moyenne,pluie_moyenne,pluie_intesite,uv,uv_index
2024-10-19 00:00:00,15.666666666666666,1011.8666666666667,95.0,16000.0,16.666666666666668,25.2,25.2,192.33333333333334,0.26666666666666666,0.6,0.0,0.0
2024-10-19 00:10:00,15.8,1011.2,94.0,,15.4,,,176.0,,0.0,0.0,0.0
2024-10-19 00:15:00,16.4,1010.7,94.0,,14.9,,,214.0,,0.8,,
2024-10-19 00:20:00,15.9,1011.3,94.0,,16.3,,,175.0,,0.0,0.0,0.0
2024-10-19 00:30:00,16.1,1010.85,93.0,,17.4,,,202.5,,1.9000000000000001,0.0,0.0
2024-10-19 00:40:00,15.9,1010.9,94.0,,16.4,,,168.0,,1.0,0.0,0.0
2024-10-19 00:45:00,15.9,1010.6,92.0,,17.3,,,233.0,,4.4,,
2024-10-19 00:50:00,15.9,1010.9,94.0,,16.5,,,162.0,,0.0,0.0,0.0
2024-10-19 01:00:00,15.3,1011.1,94.0,7500.0,18.025,41.4,54.0,209.0,1.2,1.4,0.0,0.0
2024-10-19 01:10:00,16.1,1010.6,94.0,,15.1,,,169.0,,0.2,0.0,0.0
2024-10-19 01:15:00,15.5,1010.3,94.0,,9.4,,,235.0,,8.6,,
2024-10-19 01:20:00,16.1,1010.5,94.0,,14.8,,,168.0,,0.2,0.0,0.0
2024-10-19 01:30:00,15.75,1010.3499999999999,94.0,,13.05,,,198.5,,1.1,0.0,0.0
2024-10-19 01:40:00,16.2,1010.3,94.0,,16.0,,,168.0,,0.0,0.0,0.0
2024-10-19 01:45:00,15.3,1010.3,95.0,,8.1,,,227.0,,0.0,,
2024-10-19 01:50:00,16.2,1010.1,94.0,,15.2,,,169.0,,0.0,0.0,0.0
2024-10-19 02:00:00,15.049999999999999,1010.8,95.25,10500.0,13.025,28.799999999999997,32.4,217.25,0.95,0.1,0.0,0.0
2024-10-19 02:10:00,16.3,1010.1,94.0,,16.1,,,179.0,,0.0,0.0,0.0
2024-10-19 02:15:00,15.4,1010.1,94.0,,8.6,,,239.0,,0.0,,
2024-10-19 02:20:00,16.3,1010.1,93.0,,13.6,,,182.0,,0.2,0.0,0.0
2024-10-19 02:30:00,15.75,1010.1500000000001,94.0,,9.6,,,218.0,,3.6,0.0,0.0
2024-10-19 02:40:00,16.2,1010.0,94.0,,12.0,,,187.0,,1.6,0.0,0.0
2024-10-19 02:45:00,14.8,1010.1,94.0,,3.9,,,274.0,,0.0,,
2024-10-19 02:50:00,16.2,1009.9,94.0,,11.6,,,187.0,,1.2,0.0,0.0
2024-10-19 03:00:00,14.850000000000001,1010.7,95.0,31000.0,11.2,25.200000000000003,28.8,225.25,0.6499999999999999,0.8,0.0,0.0
2024-10-19 03:10:00,16.0,1010.0,94.0,,9.4,,,208.0,,1.2,0.0,0.0
2024-10-19 03:15:00,13.7,1010.6,93.0,,6.7,,,302.0,,0.0,,
2024-10-19 03:20:00,15.9,1010.1,94.0,,14.2,,,226.0,,1.4,0.0,0.0
2024-10-19 03:30:00,14.600000000000001,1010.35,94.0,,10.1,,,278.5,,0.6,0.0,0.0
2024-10-19 03:40:00,15.8,1010.1,94.0,,15.1,,,244.0,,0.2,0.0,0.0
2024-10-19 03:45:00,13.2,1010.6,94.0,,4.9,,,319.0,,0.0,,
2024-10-19 03:50:00,15.6,1010.1,94.0,,14.6,,,243.0,,1.6,0.0,0.0
2024-10-19 04:00:00,14.225,1010.775,94.75,12500.0,10.9,21.6,32.4,242.0,0.4,0.0,0.0,0.0
2024-10-19 04:10:00,15.4,1010.1,93.0,,15.2,,,253.0,,0.0,0.0,0.0
2024-10-19 04:15:00,13.2,1010.9,94.0,,1.4,,,266.0,,0.0,,
2024-10-19 04:20:00,15.4,1010.2,93.0,,14.4,,,259.0,,0.0,0.0,0.0
2024-10-19 04:30:00,13.95,1010.8,93.0,,8.6,,,290.0,,0.0,0.0,0.0
2024-10-19 04:40:00,13.9,1010.6,93.0,,20.0,,,298.0,,0.0,0.0,0.0
2024-10-19 04:45:00,13.2,1011.2,94.0,,1.9,,,287.0,,0.0,,
2024-10-19 04:50:00,13.9,1010.7,93.0,,13.7,,,294.0,,0.2,0.0,0.0
2024-10-19 05:00:00,13.975,1011.275,95.25,10000.0,10.45,25.200000000000003,39.6,258.0,0.3,0.0,0.0,0.0
2024-10-19 05:10:00,13.7,1010.9,94.0,,12.1,,,294.0,,0.0,0.0,0.0
2024-10-19 05:15:00,12.9,1011.7,95.0,,2.4,,,276.0,,0.0,,
2024-10-19 05:20:00,13.7,1011.0,94.0,,10.7,,,292.0,,0.0,0.0,0.0
2024-10-19 05:30:00,13.35,1011.55,94.5,,6.2,,,280.0,,0.0,0.0,0.0
2024-10-19 05:40:00,13.7,1011.2,94.0,,10.5,,,298.0,,0.0,0.0,0.0
2024-10-19 05:45:00,12.9,1012.1,95.0,,1.2,,,265.0,,0.0,,
2024-10-19 05:50:00,13.7,1011.4,94.0,,10.9,,,295.0,,0.0,0.0,0.0
2024-10-19 06:00:00,13.425,1012.075,95.25,9800.0,7.925,25.2,36.0,270.25,0.0,0.0,0.0,0.0
2024-10-19 06:10:00,13.6,1011.9,94.0,,12.7,,,288.0,,0.0,0.0,0.0
2024-10-19 06:15:00,12.9,1012.7,95.0,,1.3,,,271.0,,0.0,,
2024-10-19 06:20:00,13.4,1012.0,94.0,,9.5,,,299.0,,0.0,0.0,0.0
2024-10-19 06:30:00,13.100000000000001,1012.5,94.0,,4.75,,,282.0,,0.1,0.0,0.0
2024-10-19 06:40:00,13.3,1012.4,93.0,,10.9,,,304.0,,0.0,0.0,0.0
2024-10-19 06:45:00,12.8,1012.7,95.0,,1.1,,,277.0,,0.0,,
2024-10-19 06:50:00,13.4,1012.7,93.0,,12.7,,,301.0,,0.0,0.0,0.0
2024-10-19 07:00:00,13.225,1012.725,95.5,3200.0,5.625,19.8,25.2,269.75,0.39999999999999997,0.0,9.0,0.0
2024-10-19 07:10:00,13.2,1012.9,93.0,,9.8,,,289.0,,0.0,12.0,0.0
2024-10-19 07:15:00,12.8,1012.9,94.0,,0.9,,,274.0,,0.0,,
2024-10-19 07:20:00,13.2,1013.0,93.0,,8.9,,,284.0,,0.0,67.0,0.0
2024-10-19 07:30:00,13.25,1013.15,94.0,,4.95,,,279.0,,0.0,72.0,0.0
2024-10-19 07:40:00,13.2,1013.1,93.0,,10.3,,,277.0,,0.0,86.0,0.0
2024-10-19 07:45:00,13.7,1013.6,94.0,,0.8,,,300.0,,0.0,,
2024-10-19 07:50:00,13.2,1013.3,93.0,,10.3,,,279.0,,0.0,109.0,0.0
2024-10-19 08:00:00,13.575000000000001,1013.625,95.25,3850.0,8.025,18.0,25.2,266.25,1.925,0.0,135.0,0.0
2024-10-19 08:10:00,13.4,1013.5,93.0,,13.3,,,283.0,,0.0,162.0,0.0
2024-10-19 08:15:00,14.4,1014.2,93.0,,2.8,,,275.0,,0.0,,
2024-10-19 08:20:00,13.6,1013.6,93.0,,14.6,,,289.0,,0.0,186.0,0.6
2024-10-19 08:30:00,14.2,1013.9000000000001,92.5,,7.5,,,277.0,,0.0,207.0,0.7
2024-10-19 08:40:00,13.8,1013.9,92.0,,15.2,,,290.0,,0.0,230.0,0.8
2024-10-19 08:45:00,14.7,1014.2,91.0,,3.6,,,291.0,,0.0,,
2024-10-19 08:50:00,14.1,1014.0,92.0,,18.4,,,296.0,,0.0,253.0,0.9
2024-10-19 09:00:00,14.375,1014.15,90.75,21500.0,12.325000000000001,25.2,32.4,296.25,0.55,0.0,278.0,1.1
2024-10-19 09:10:00,14.2,1014.2,90.0,,16.3,,,296.0,,0.0,301.0,1.2
2024-10-19 09:15:00,15.1,1014.6,89.0,,4.5,,,301.0,,0.0,,
2024-10-19 09:20:00,14.4,1014.3,89.0,,15.6,,,298.0,,0.0,327.0,1.3
2024-10-19 09:30:00,14.8,1014.65,88.0,,10.850000000000001,,,307.0,,0.0,281.0,1.5
2024-10-19 09:40:00,14.6,1014.7,87.0,,17.0,,,305.0,,0.0,457.0,1.4
2024-10-19 09:45:00,15.5,1015.0,83.0,,6.2,,,305.0,,0.0,,
2024-10-19 09:50:00,14.7,1014.8,86.0,,14.8,,,305.0,,0.0,227.0,1.3
2024-10-19 10:00:00,15.25,1014.9,83.75,25000.0,12.175,23.4,25.2,302.0,0.0,0.0,183.0,1.8
2024-10-19 10:10:00,14.9,1015.1,85.0,,16.1,,,311.0,,0.0,422.0,1.3
2024-10-19 10:15:00,15.8,1015.6,78.0,,6.3,,,308.0,,0.0,,
2024-10-19 10:20:00,15.3,1015.1,83.0,,14.6,,,312.0,,0.0,492.0,2.0
2024-10-19 10:30:00,15.75,1015.45,80.0,,9.95,,,308.5,,0.0,592.0,2.1
2024-10-19 10:40:00,15.6,1015.2,82.0,,11.4,,,319.0,,0.0,543.0,2.1
2024-10-19 10:45:00,16.2,1015.3,77.0,,5.6,,,308.0,,0.0,,
2024-10-19 10:50:00,15.9,1015.2,81.0,,14.4,,,305.0,,0.0,608.0,2.3
2024-10-19 11:00:00,16.15,1015.3,77.5,17500.0,11.5,27.0,32.4,296.0,0.0,0.0,153.0,1.3
2024-10-19 11:10:00,15.4,1015.2,81.0,,7.3,,,338.0,,0.0,582.0,2.5
2024-10-19 11:15:00,16.6,1015.8,72.0,,6.3,,,294.0,,0.0,,
2024-10-19 11:20:00,15.9,1015.2,78.0,,8.3,,,338.0,,0.0,142.0,1.5
2024-10-19 11:30:00,16.200000000000003,1015.45,74.5,,6.699999999999999,,,298.5,,0.0,548.0,2.5
2024-10-19 11:40:00,16.3,1015.1,79.0,,7.7,,,356.0,,0.0,606.0,1.7
2024-10-19 11:45:00,16.6,1015.6,68.0,,7.0,,,284.0,,0.0,,
2024-10-19 11:50:00,15.9,1015.4,78.0,,6.6,,,360.0,,0.0,510.0,2.5
2024-10-19 12:00:00,16.825,1015.35,70.75,21000.0,11.325,27.0,28.8,284.25,0.0,0.0,628.0,2.8
2024-10-19 12:10:00,16.5,1015.5,77.0,,6.0,,,359.0,,0.0,649.0,2.9
2024-10-19 12:15:00,16.8,1015.4,65.0,,7.1,,,290.0,,0.0,,
2024-10-19 12:20:00,16.6,1015.3,78.0,,6.9,,,353.0,,0.0,585.0,2.8
2024-10-19 12:30:00,16.9,1015.25,72.5,,5.35,,,142.0,,0.0,671.0,2.9
2024-10-19 12:40:00,16.6,1015.3,78.0,,6.2,,,4.0,,0.0,192.0,2.1
2024-10-19 12:45:00,16.6,1015.3,68.0,,5.4,,,273.0,,0.0,,
2024-10-19 12:50:00,16.5,1015.4,77.0,,5.7,,,21.0,,0.0,302.0,2.4
2024-10-19 13:00:00,17.025,1015.35,70.0,22500.0,9.075000000000001,28.799999999999997,32.4,201.5,0.0,0.0,517.0,2.5
2024-10-19 13:10:00,16.4,1015.6,79.0,,4.5,,,18.0,,0.0,459.0,2.4
2024-10-19 13:15:00,16.3,1015.6,72.0,,6.4,,,252.0,,0.0,,
2024-10-19 13:20:00,16.6,1015.5,79.0,,4.3,,,17.0,,0.0,480.0,2.3
2024-10-19 13:30:00,16.700000000000003,1015.6500000000001,76.0,,4.8,,,150.0,,0.0,454.0,1.7
2024-10-19 13:40:00,15.9,1015.7,79.0,,6.0,,,24.0,,0.0,81.0,1.3
2024-10-19 13:45:00,17.9,1015.8,69.0,,6.9,,,258.0,,0.0,,
2024-10-19 13:50:00,16.3,1015.8,80.0,,3.1,,,37.0,,0.0,74.0,1.3
2024-10-19 14:00:00,16.85,1015.775,70.0,23000.0,11.25,25.2,25.2,201.75,0.0,0.0,408.0,1.8
2024-10-19 14:10:00,17.1,1015.9,77.0,,5.0,,,39.0,,0.0,392.0,1.7
2024-10-19 14:15:00,17.3,1016.0,68.0,,6.7,,,240.0,,0.0,,
2024-10-19 14:20:00,16.7,1016.1,76.0,,5.0,,,17.0,,0.0,374.0,1.6
2024-10-19 14:30:00,16.700000000000003,1016.0,72.5,,5.699999999999999,,,142.5,,0.0,130.0,1.3
2024-10-19 14:40:00,16.1,1016.2,78.0,,5.0,,,29.0,,0.0,62.0,0.9
2024-10-19 14:45:00,16.7,1015.9,70.0,,8.0,,,245.0,,0.0,,
2024-10-19 14:50:00,15.8,1016.0,80.0,,3.8,,,42.0,,0.0,72.0,0.8
2024-10-19 15:00:00,16.625,1015.9000000000001,69.0,25000.0,9.025,21.6,21.6,198.75,0.0,0.0,72.0,0.7
2024-10-19 15:10:00,15.6,1016.0,81.0,,4.9,,,57.0,,0.0,84.0,0.7
2024-10-19 15:15:00,16.3,1015.6,73.0,,6.7,,,231.0,,0.0,,
2024-10-19 15:20:00,15.6,1016.0,82.0,,5.1,,,63.0,,0.0,67.0,0.6
2024-10-19 15:30:00,15.95,1015.7,78.5,,5.1,,,154.5,,0.0,156.0,0.6
2024-10-19 15:40:00,15.8,1015.8,82.0,,5.2,,,57.0,,0.0,130.0,0.0
2024-10-19 15:45:00,15.9,1015.5,73.0,,5.6,,,242.0,,0.0,,
2024-10-19 15:50:00,15.6,1015.8,82.0,,4.5,,,58.0,,0.0,83.0,0.0
2024-10-19 16:00:00,15.55,1015.825,74.0,25000.0,8.025,19.8,21.6,187.0,0.0,0.0,65.0,0.0
2024-10-19 16:10:00,15.2,1015.8,82.0,,3.7,,,60.0,,0.0,56.0,0.0
2024-10-19 16:15:00,15.3,1015.9,79.0,,5.1,,,242.0,,0.0,,
2024-10-19 16:20:00,15.1,1015.9,83.0,,4.2,,,58.0,,0.0,51.0,0.0
2024-10-19 16:30:00,15.05,1016.0,82.0,,4.9,,,150.5,,0.0,39.0,0.0
2024-10-19 16:40:00,14.7,1015.8,83.0,,4.6,,,67.0,,0.0,42.0,0.0
2024-10-19 16:45:00,14.9,1016.0,82.0,,4.6,,,234.0,,0.0,,
2024-10-19 16:50:00,14.6,1016.0,84.0,,3.5,,,67.0,,0.0,33.0,0.0
2024-10-19 17:00:00,14.5,1016.1,80.75,22000.0,5.4,12.6,18.0,157.75,0.0,0.0,12.0,0.0
2024-10-19 17:10:00,14.4,1016.3,85.0,,3.1,,,47.0,,0.0,7.0,0.0
2024-10-19 17:15:00,14.4,1016.1,84.0,,3.4,,,235.0,,0.0,,
2024-10-19 17:20:00,14.1,1016.4,85.0,,3.7,,,70.0,,0.0,0.0,0.0
2024-10-19 17:30:00,14.05,1016.3,85.5,,2.85,,,140.5,,0.0,0.0,0.0
2024-10-19 17:40:00,13.8,1016.5,87.0,,3.6,,,87.0,,0.0,0.0,0.0
2024-10-19 17:45:00,13.8,1016.2,87.0,,2.3,,,170.0,,0.0,,
2024-10-19 17:50:00,13.6,1016.6,87.0,,3.6,,,88.0,,0.0,0.0,0.0
2024-10-19 18:00:00,13.05,1016.325,87.0,20000.0,7.15,12.6,18.0,159.5,0.0,0.0,0.0,0.0
2024-10-19 18:10:00,13.3,1016.6,89.0,,4.0,,,88.0,,0.0,0.0,0.0
2024-10-19 18:15:00,13.3,1016.0,89.0,,2.5,,,167.0,,0.0,,
2024-10-19 18:20:00,13.4,1016.7,89.0,,3.2,,,88.0,,0.0,0.0,0.0
2024-10-19 18:30:00,13.15,1016.15,90.0,,3.7,,,139.5,,0.0,0.0,0.0
2024-10-19 18:40:00,13.1,1016.4,90.0,,4.6,,,121.0,,0.0,0.0,0.0
2024-10-19 18:45:00,12.9,1015.8,91.0,,3.1,,,185.0,,0.0,,
2024-10-19 18:50:00,12.8,1016.3,90.0,,5.0,,,125.0,,0.0,0.0,0.0
2024-10-19 19:00:00,12.5,1016.275,90.5,18500.0,7.625,16.200000000000003,21.6,160.0,0.0,0.0,0.0,0.0
2024-10-19 19:10:00,13.1,1016.5,90.0,,8.2,,,124.0,,0.0,0.0,0.0
2024-10-19 19:15:00,12.6,1015.9,92.0,,1.6,,,137.0,,0.0,,
2024-10-19 19:20:00,12.9,1016.6,90.0,,5.5,,,182.0,,0.0,0.0,0.0
2024-10-19 19:30:00,12.55,1016.45,92.0,,3.95,,,183.0,,0.0,0.0,0.0
2024-10-19 19:40:00,12.4,1016.8,91.0,,8.5,,,144.0,,0.0,0.0,0.0
2024-10-19 19:45:00,12.5,1016.1,93.0,,2.6,,,191.0,,0.0,,
2024-10-19 19:50:00,12.3,1017.0,91.0,,8.1,,,156.0,,0.0,0.0,0.0
2024-10-19 20:00:00,12.275,1016.475,92.0,16500.0,7.775,18.0,25.2,168.5,0.0,0.0,0.0,0.0
2024-10-19 20:10:00,12.4,1016.9,91.0,,6.7,,,172.0,,0.0,0.0,0.0
2024-10-19 20:15:00,12.4,1016.2,94.0,,2.4,,,167.0,,0.0,,
2024-10-19 20:20:00,12.1,1016.8,91.0,,6.7,,,159.0,,0.0,0.0,0.0
2024-10-19 20:30:00,12.2,1016.4000000000001,92.5,,4.7,,,166.5,,0.0,0.0,0.0
2024-10-19 20:40:00,12.0,1016.8,92.0,,8.0,,,140.0,,0.0,0.0,0.0
2024-10-19 20:45:00,12.5,1016.0,94.0,,2.9,,,171.0,,0.0,,
2024-10-19 20:50:00,12.1,1016.7,92.0,,8.0,,,145.0,,0.0,0.0,0.0
2024-10-19 21:00:00,12.15,1016.3000000000001,93.25,13500.0,10.175,19.8,28.8,159.25,0.0,0.0,0.0,0.0
2024-10-19 21:10:00,12.2,1016.6,92.0,,10.5,,,156.0,,0.0,0.0,0.0
2024-10-19 21:15:00,12.8,1015.9,94.0,,3.2,,,170.0,,0.0,,
2024-10-19 21:20:00,12.3,1016.8,92.0,,11.7,,,161.0,,0.0,0.0,0.0
2024-10-19 21:30:00,12.6,1016.2,93.0,,7.85,,,175.5,,0.0,0.0,0.0
2024-10-19 21:40:00,12.2,1016.7,92.0,,11.1,,,162.0,,0.0,0.0,0.0
2024-10-19 21:45:00,13.3,1016.1,93.0,,6.2,,,187.0,,0.0,,
2024-10-19 21:50:00,12.3,1016.6,92.0,,11.0,,,164.0,,0.0,0.0,0.0
2024-10-19 22:00:00,12.65,1016.325,92.75,13000.0,10.525,19.8,28.8,162.75,0.0,0.0,0.0,0.0
2024-10-19 22:10:00,12.5,1017.1,92.0,,10.2,,,164.0,,0.0,0.0,0.0
2024-10-19 22:15:00,13.9,1015.7,90.0,,8.3,,,172.0,,0.0,,
2024-10-19 22:20:00,12.4,1016.7,92.0,,9.4,,,158.0,,0.0,0.0,0.0
2024-10-19 22:30:00,13.350000000000001,1016.1,91.5,,8.25,,,157.0,,0.0,0.0,0.0
2024-10-19 22:40:00,12.6,1016.6,93.0,,11.7,,,158.0,,0.0,0.0,0.0
2024-10-19 22:45:00,14.5,1015.0,90.0,,11.5,,,160.0,,0.0,,
2024-10-19 22:50:00,12.7,1016.8,92.0,,13.1,,,165.0,,0.0,0.0,0.0
2024-10-19 23:00:00,13.1,1015.975,93.0,12500.0,12.600000000000001,23.4,36.0,168.5,0.0,0.0,0.0,0.0
2024-10-19 23:10:00,12.7,1016.5,92.0,,13.1,,,163.0,,0.0,0.0,0.0
2024-10-19 23:15:00,14.9,1014.9,90.0,,11.9,,,167.0,,0.0,,
2024-10-19 23:20:00,12.6,1016.1,92.0,,14.4,,,152.0,,0.0,0.0,0.0
2024-10-19 23:30:00,13.75,1015.3499999999999,91.5,,13.05,,,159.0,,0.0,0.0,0.0
2024-10-19 23:40:00,12.4,1015.7,93.0,,13.9,,,142.0,,0.0,0.0,0.0
2024-10-19 23:45:00,15.2,1014.8,90.0,,14.0,,,170.0,,0.0,,
2024-10-19 23:50:00,12.7,1015.9,93.0,,14.2,,,148.0,,0.0,0.0,0.0
2024-10-20 00:00:00,13.475,1015.225,93.75,13000.0,15.1,32.400000000000006,43.2,160.0,0.0,0.0,0.0,0.0
2024-10-20 00:10:00,12.8,1015.9,93.0,,12.3,,,160.0,,0.0,0.0,0.0
2024-10-20 00:15:00,15.2,1014.3,91.0,,11.3,,,164.0,,0.0,,
2024-10-20 00:20:00,12.9,1015.9,93.0,,12.1,,,156.0,,0.0,0.0,0.0
2024-10-20 00:30:00,14.05,1014.9000000000001,92.5,,12.850000000000001,,,157.5,,0.0,0.0,0.0
2024-10-20 00:40:00,13.1,1015.6,93.0,,12.8,,,157.0,,0.0,0.0,0.0
2024-10-20 00:45:00,15.1,1014.1,93.0,,11.7,,,161.0,,0.0,,
2024-10-20 00:50:00,13.3,1015.4,93.0,,14.8,,,159.0,,0.0,0.0,0.0
2024-10-20 01:00:00,13.825,1014.55,93.5,16500.0,18.0,30.6,43.2,160.75,0.05,0.0,0.0,0.0
2024-10-20 01:10:00,13.6,1015.2,93.0,,18.3,,,148.0,,0.0,0.0,0.0
2024-10-20 01:15:00,15.2,1013.6,93.0,,14.7,,,175.0,,0.0,,
2024-10-20 01:20:00,13.8,1015.3,93.0,,17.7,,,156.0,,0.0,0.0,0.0
2024-10-20 01:30:00,14.55,1014.35,92.5,,16.25,,,162.0,,0.0,0.0,0.0
2024-10-20 01:40:00,13.8,1014.9,93.0,,17.1,,,153.0,,0.0,0.0,0.0
2024-10-20 01:45:00,15.4,1013.5,92.0,,16.2,,,165.0,,0.0,,
2024-10-20 01:50:00,13.8,1014.6,93.0,,18.2,,,151.0,,0.0,0.0,0.0
2024-10-20 02:00:00,14.15,1013.9,93.5,17500.0,21.549999999999997,39.6,57.6,163.0,0.05,0.1,0.0,0.0
2024-10-20 02:10:00,13.9,1014.4,93.0,,19.5,,,155.0,,0.0,0.0,0.0
2024-10-20 02:15:00,15.4,1013.2,93.0,,16.5,,,172.0,,0.8,,
2024-10-20 02:20:00,13.9,1014.0,93.0,,20.5,,,155.0,,0.2,0.0,0.0
2024-10-20 02:30:00,14.65,1013.0,93.5,,18.1,,,160.0,,0.7,0.0,0.0
2024-10-20 02:40:00,14.1,1013.7,94.0,,22.2,,,157.0,,0.0,0.0,0.0
2024-10-20 02:45:00,15.4,1012.3,94.0,,17.0,,,160.0,,2.2,,
2024-10-20 02:50:00,14.2,1013.5,93.0,,19.8,,,162.0,,0.0,0.0,0.0
2024-10-20 03:00:00,14.45,1013.0,93.5,14000.0,23.9,41.4,57.6,169.75,0.45,0.6,0.0,0.0
2024-10-20 03:10:00,14.6,1013.2,92.0,,22.6,,,161.0,,0.0,0.0,0.0
2024-10-20 03:15:00,15.2,1011.9,94.0,,15.8,,,170.0,,1.6,,
2024-10-20 03:20:00,14.7,1013.3,92.0,,22.6,,,164.0,,0.0,0.0,0.0
2024-10-20 03:30:00,15.0,1012.45,93.5,,20.25,,,163.5,,4.4,0.0,0.0
2024-10-20 03:40:00,14.7,1012.7,92.0,,22.2,,,157.0,,0.0,0.0,0.0
2024-10-20 03:45:00,15.4,1011.5,96.0,,17.8,,,162.0,,1.8,,
2024-10-20 03:50:00,14.9,1012.5,92.0,,22.7,,,163.0,,0.0,0.0,0.0
2024-10-20 04:00:00,14.85,1012.225,95.0,8300.0,23.175,46.8,54.0,166.0,1.95,1.3,0.0,0.0
2024-10-20 04:10:00,15.2,1012.5,91.0,,24.6,,,167.0,,0.0,0.0,0.0
2024-10-20 04:15:00,15.8,1011.0,96.0,,18.4,,,163.0,,2.4,,
2024-10-20 04:20:00,15.3,1012.6,91.0,,25.1,,,171.0,,0.0,0.0,0.0
2024-10-20 04:30:00,15.7,1011.85,93.0,,20.6,,,177.5,,0.8,0.0,0.0
2024-10-20 04:40:00,15.6,1012.6,89.0,,28.8,,,179.0,,0.0,0.0,0.0
2024-10-20 04:45:00,16.1,1010.7,96.0,,16.7,,,179.0,,1.6,,
2024-10-20 04:50:00,15.5,1011.9,90.0,,26.4,,,173.0,,0.0,0.0,0.0
2024-10-20 05:00:00,15.625,1011.65,94.75,9750.0,26.55,55.8,75.6,181.5,1.725,0.6,0.0,0.0
2024-10-20 05:10:00,15.4,1011.4,90.0,,27.6,,,167.0,,0.0,0.0,0.0
2024-10-20 05:15:00,16.6,1011.0,97.0,,16.3,,,200.0,,1.2,,
2024-10-20 05:20:00,15.6,1011.4,90.0,,26.8,,,164.0,,0.0,0.0,0.0
2024-10-20 05:30:00,16.2,1011.15,93.5,,21.4,,,188.5,,0.4,0.0,0.0
2024-10-20 05:40:00,15.8,1011.4,90.0,,25.1,,,170.0,,0.0,0.0,0.0
2024-10-20 05:45:00,17.0,1010.8,96.0,,18.6,,,210.0,,0.0,,
2024-10-20 05:50:00,15.8,1011.3,91.0,,22.2,,,166.0,,0.0,0.0,0.0
2024-10-20 06:00:00,16.225,1011.375,94.5,8900.0,27.775,59.4,75.6,187.25,1.0999999999999999,0.0,0.0,0.0
2024-10-20 06:10:00,16.0,1011.1,91.0,,24.1,,,165.0,,0.0,0.0,0.0
2024-10-20 06:15:00,17.3,1010.6,96.0,,20.4,,,206.0,,0.0,,
2024-10-20 06:20:00,15.9,1011.0,92.0,,23.6,,,167.0,,0.0,0.0,0.0
2024-10-20 06:30:00,16.700000000000003,1010.9,93.5,,24.25,,,189.5,,0.0,0.0,0.0
2024-10-20 06:40:00,16.2,1011.2,93.0,,24.7,,,171.0,,0.0,0.0,0.0
2024-10-20 06:45:00,17.4,1010.9,95.0,,19.6,,,210.0,,0.0,,
2024-10-20 06:50:00,16.3,1011.3,93.0,,26.6,,,176.0,,0.0,0.0,0.0
2024-10-20 07:00:00,16.45,1011.425,95.25,4950.0,29.15,63.0,79.2,193.0,0.35,0.1,11.0,0.0
2024-10-20 07:10:00,16.8,1011.4,93.0,,26.8,,,177.0,,0.0,12.0,0.0
2024-10-20 07:15:00,17.4,1011.2,94.0,,17.1,,,215.0,,0.0,,
2024-10-20 07:20:00,17.0,1011.4,93.0,,25.2,,,177.0,,0.0,25.0,0.0
2024-10-20 07:30:00,17.25,1011.3,94.0,,22.35,,,195.5,,0.0,21.0,0.0
2024-10-20 07:40:00,17.3,1011.5,93.0,,24.6,,,182.0,,0.0,26.0,0.0
2024-10-20 07:45:00,17.5,1011.4,93.0,,20.1,,,220.0,,0.0,,
2024-10-20 07:50:00,17.6,1011.6,93.0,,26.3,,,182.0,,0.0,33.0,0.0
2024-10-20 08:00:00,16.925,1011.9000000000001,95.5,4300.0,28.875,61.199999999999996,75.6,201.0,0.8999999999999999,1.2,54.0,0.0
2024-10-20 08:10:00,17.8,1011.7,93.0,,25.2,,,183.0,,0.0,42.0,0.0
2024-10-20 08:15:00,17.2,1011.6,95.0,,21.7,,,217.0,,2.2,,
2024-10-20 08:20:00,17.9,1011.6,93.0,,24.3,,,183.0,,0.0,49.0,0.0
2024-10-20 08:30:00,17.549999999999997,1011.6,93.5,,20.5,,,208.5,,2.4,49.0,0.0
2024-10-20 08:40:00,18.1,1011.6,92.0,,22.1,,,193.0,,0.0,77.0,0.0
2024-10-20 08:45:00,17.2,1011.8,95.0,,18.4,,,228.0,,5.2,,
2024-10-20 08:50:00,18.2,1011.8,92.0,,19.7,,,199.0,,0.0,244.0,1.0
2024-10-20 09:00:00,17.375,1012.125,94.75,5400.0,28.099999999999998,59.4,75.6,207.75,1.225,1.8,179.0,1.0
2024-10-20 09:10:00,18.7,1011.9,90.0,,20.6,,,197.0,,0.0,216.0,1.0
2024-10-20 09:15:00,17.2,1011.8,95.0,,21.0,,,220.0,,0.8,,
2024-10-20 09:20:00,18.6,1011.9,90.0,,22.1,,,197.0,,0.0,195.0,1.1
2024-10-20 09:30:00,17.85,1012.05,93.0,,23.35,,,209.5,,0.0,155.0,1.0
2024-10-20 09:40:00,18.3,1012.0,92.0,,25.2,,,193.0,,0.0,200.0,1.2
2024-10-20 09:45:00,17.3,1012.3,95.0,,22.9,,,227.0,,0.0,,
2024-10-20 09:50:00,18.4,1012.0,92.0,,24.6,,,192.0,,0.0,302.0,1.6
2024-10-20 10:00:00,17.6,1012.575,94.5,6800.0,28.225,61.199999999999996,75.6,208.0,0.15000000000000002,0.0,202.0,1.2
2024-10-20 10:10:00,18.5,1012.4,92.0,,21.8,,,195.0,,0.0,151.0,1.0
2024-10-20 10:15:00,17.3,1012.3,95.0,,21.0,,,222.0,,0.0,,
2024-10-20 10:20:00,18.4,1012.6,92.0,,17.5,,,204.0,,0.0,135.0,0.9
2024-10-20 10:30:00,17.9,1012.55,93.5,,19.2,,,212.5,,0.0,176.0,1.1
2024-10-20 10:40:00,18.4,1012.6,93.0,,20.2,,,197.0,,0.0,199.0,1.3
2024-10-20 10:45:00,17.4,1012.8,94.0,,22.8,,,218.0,,0.0,,
2024-10-20 10:50:00,18.4,1012.7,93.0,,20.9,,,194.0,,0.0,146.0,1.0
2024-10-20 11:00:00,17.775,1013.1,94.0,8950.0,28.175,61.2,72.0,211.0,0.25,0.0,257.0,1.6
2024-10-20 11:10:00,18.6,1012.7,94.0,,19.3,,,193.0,,0.0,246.0,1.6
2024-10-20 11:15:00,17.6,1013.0,94.0,,22.4,,,222.0,,0.0,,
2024-10-20 11:20:00,18.6,1012.7,94.0,,19.9,,,191.0,,0.0,167.0,1.4
2024-10-20 11:30:00,18.05,1012.8,94.0,,21.1,,,207.5,,0.1,111.0,0.9
2024-10-20 11:40:00,18.4,1013.0,94.0,,17.6,,,196.0,,0.2,120.0,0.9
2024-10-20 11:45:00,17.6,1012.8,93.0,,20.4,,,222.0,,0.0,,
2024-10-20 11:50:00,18.4,1012.8,94.0,,16.5,,,199.0,,0.0,151.0,1.2
2024-10-20 12:00:00,17.375,1013.2249999999999,92.25,6700.0,24.15,63.0,64.8,220.5,0.2,0.0,149.0,1.3
2024-10-20 12:10:00,18.6,1012.8,94.0,,16.6,,,198.0,,0.2,276.0,1.8
2024-10-20 12:15:00,17.4,1012.7,94.0,,20.2,,,224.0,,0.2,,
2024-10-20 12:20:00,18.6,1012.6,94.0,,19.1,,,194.0,,0.2,172.0,1.3
2024-10-20 12:30:00,17.9,1012.5999999999999,94.5,,21.9,,,208.5,,0.9,95.0,0.8
2024-10-20 12:40:00,18.6,1012.5,93.0,,20.0,,,196.0,,0.0,162.0,1.2
2024-10-20 12:45:00,17.4,1012.9,95.0,,20.4,,,222.0,,4.0,,
2024-10-20 12:50:00,18.8,1012.5,93.0,,20.2,,,211.0,,0.0,192.0,1.3
2024-10-20 13:00:00,17.45,1013.45,92.75,9000.0,25.2,52.2,61.2,217.0,0.5,0.8,227.0,1.5
2024-10-20 13:10:00,19.2,1012.4,91.0,,22.6,,,203.0,,0.0,165.0,1.1
2024-10-20 13:15:00,17.3,1013.2,95.0,,22.2,,,229.0,,6.2,,
2024-10-20 13:20:00,19.2,1012.7,90.0,,22.0,,,216.0,,0.0,181.0,1.1
2024-10-20 13:30:00,18.200000000000003,1012.9000000000001,93.0,,20.15,,,212.5,,1.4,172.0,1.1
2024-10-20 13:40:00,18.9,1012.6,91.0,,22.5,,,202.0,,0.0,179.0,1.1
2024-10-20 13:45:00,17.2,1013.6,96.0,,17.5,,,232.0,,1.6,,
2024-10-20 13:50:00,18.7,1013.0,92.0,,23.2,,,197.0,,0.0,134.0,0.8
2024-10-20 14:00:00,16.950000000000003,1014.175,91.25,12000.0,22.35,54.0,54.0,222.25,0.7,0.9,139.0,0.8
2024-10-20 14:10:00,18.6,1013.0,93.0,,18.0,,,206.0,,0.0,162.0,1.0
2024-10-20 14:15:00,15.7,1014.3,95.0,,8.9,,,254.0,,1.6,,
2024-10-20 14:20:00,18.7,1013.1,92.0,,17.2,,,204.0,,0.0,144.0,0.8
2024-10-20 14:30:00,17.0,1013.75,94.0,,12.5,,,229.0,,0.4,158.0,0.8
2024-10-20 14:40:00,18.6,1013.0,93.0,,16.9,,,207.0,,0.0,165.0,0.8
2024-10-20 14:45:00,15.1,1014.9,95.0,,8.5,,,256.0,,1.0,,
2024-10-20 14:50:00,18.6,1013.4,93.0,,19.1,,,203.0,,0.0,137.0,0.6
2024-10-20 15:00:00,16.650000000000002,1014.6,92.0,14000.0,17.425,45.0,57.6,226.75,0.3,0.4,49.0,0.0
2024-10-20 15:10:00,18.7,1013.7,92.0,,19.9,,,226.0,,0.0,58.0,0.0
2024-10-20 15:15:00,14.7,1014.9,94.0,,4.6,,,244.0,,0.0,,
2024-10-20 15:20:00,18.7,1014.0,92.0,,20.0,,,228.0,,0.0,30.0,0.0
2024-10-20 15:30:00,15.5,1014.5999999999999,93.0,,15.4,,,241.5,,3.0,28.0,0.0
2024-10-20 15:40:00,16.2,1014.3,93.0,,21.1,,,287.0,,1.0,67.0,0.0
2024-10-20 15:45:00,14.8,1015.3,94.0,,4.2,,,214.0,,0.0,,
2024-10-20 15:50:00,16.2,1014.5,93.0,,17.9,,,282.0,,0.0,44.0,0.0
2024-10-20 16:00:00,16.375,1015.25,88.5,21000.0,20.175,48.6,57.6,236.0,0.3,0.0,33.0,0.0
2024-10-20 16:10:00,16.1,1015.0,93.0,,17.2,,,281.0,,0.0,19.0,0.0
2024-10-20 16:15:00,14.7,1015.7,94.0,,3.7,,,229.0,,0.0,,
2024-10-20 16:20:00,15.9,1015.5,94.0,,18.7,,,278.0,,0.0,18.0,0.0
2024-10-20 16:30:00,15.3,1015.9,94.0,,10.3,,,248.0,,0.0,11.0,0.0
2024-10-20 16:40:00,15.3,1016.0,94.0,,17.3,,,288.0,,0.2,7.0,0.0
2024-10-20 16:45:00,14.8,1016.1,94.0,,2.5,,,196.0,,0.0,,
2024-10-20 16:50:00,15.3,1016.2,95.0,,15.1,,,,,0.0,0.0,0.0
2024-10-20 17:00:00,15.6,1016.2750000000001,93.75,7400.0,16.5,45.0,46.8,219.25,0.3,0.0,0.0,0.0
2024-10-20 17:10:00,15.2,1016.2,93.0,,14.2,,,222.0,,0.0,0.0,0.0
2024-10-20 17:15:00,14.7,1016.5,93.0,,4.4,,,236.0,,0.0,,
2024-10-20 17:20:00,15.2,1016.3,92.0,,12.6,,,204.0,,0.0,0.0,0.0
2024-10-20 17:30:00,15.0,1016.5,92.0,,8.600000000000001,,,215.0,,0.0,0.0,0.0
2024-10-20 17:40:00,15.3,1016.6,91.0,,12.0,,,202.0,,0.0,0.0,0.0
2024-10-20 17:45:00,14.7,1017.0,93.0,,4.9,,,240.0,,0.0,,
2024-10-20 17:50:00,15.3,1016.9,90.0,,9.8,,,,,0.0,0.0,0.0
2024-10-20 18:00:00,15.625,1017.1,92.75,6450.0,14.775,39.6,43.2,218.5,0.25,0.0,0.0,0.0
2024-10-20 18:10:00,15.3,1017.2,90.0,,7.6,,,208.0,,0.0,0.0,0.0
2024-10-20 18:15:00,14.6,1017.1,94.0,,2.0,,,218.0,,0.0,,
2024-10-20 18:20:00,15.3,1017.4,91.0,,9.0,,,197.0,,0.0,0.0,0.0
2024-10-20 18:30:00,14.899999999999999,1017.3,92.0,,7.199999999999999,,,203.0,,0.0,0.0,0.0
2024-10-20 18:40:00,15.2,1017.6,91.0,,9.0,,,203.0,,0.0,0.0,0.0
2024-10-20 18:45:00,14.6,1017.5,94.0,,2.4,,,215.0,,0.0,,
2024-10-20 18:50:00,15.1,1017.7,91.0,,8.9,,,197.0,,0.0,0.0,0.0
2024-10-20 19:00:00,15.5,1017.675,93.5,8000.0,12.425,39.6,39.6,215.25,0.4,0.0,0.0,0.0
2024-10-20 19:10:00,14.9,1017.6,91.0,,7.5,,,206.0,,0.0,0.0,0.0
2024-10-20 19:15:00,14.6,1018.2,94.0,,3.0,,,234.0,,0.0,,
2024-10-20 19:20:00,14.8,1017.8,91.0,,9.4,,,189.0,,0.0,0.0,0.0
2024-10-20 19:30:00,14.75,1018.05,93.0,,6.2,,,195.5,,0.0,0.0,0.0
2024-10-20 19:40:00,14.9,1018.3,91.0,,7.2,,,197.0,,0.0,0.0,0.0
2024-10-20 19:45:00,14.7,1018.3,95.0,,2.4,,,221.0,,0.0,,
2024-10-20 19:50:00,14.9,1018.2,91.0,,8.4,,,192.0,,0.0,0.0,0.0
2024-10-20 20:00:00,15.25,1018.4,93.5,12500.0,12.3,36.0,43.2,226.75,0.35,0.0,0.0,0.0
2024-10-20 20:10:00,15.0,1018.6,91.0,,6.5,,,216.0,,0.0,0.0,0.0
2024-10-20 20:15:00,14.8,1018.6,95.0,,2.8,,,211.0,,0.0,,
2024-10-20 20:20:00,15.1,1018.7,91.0,,8.1,,,,,0.0,0.0,0.0
2024-10-20 20:30:00,15.0,1018.85,93.0,,6.800000000000001,,,212.5,,0.0,0.0,0.0
2024-10-20 20:40:00,14.9,1019.1,91.0,,9.9,,,213.0,,0.0,0.0,0.0
2024-10-20 20:45:00,15.0,1018.8,95.0,,2.5,,,224.0,,0.0,,
2024-10-20 20:50:00,14.8,1018.8,92.0,,12.8,,,186.0,,0.0,0.0,0.0
2024-10-20 21:00:00,15.225,1019.05,94.0,21000.0,11.55,25.200000000000003,28.8,220.0,0.0,0.0,0.0,0.0
2024-10-20 21:10:00,14.8,1019.0,92.0,,9.4,,,193.0,,0.0,0.0,0.0
2024-10-20 21:15:00,15.1,1019.0,95.0,,3.2,,,217.0,,0.0,,
2024-10-20 21:20:00,14.9,1019.3,92.0,,9.3,,,196.0,,0.0,0.0,0.0
2024-10-20 21:30:00,14.95,1019.05,93.5,,6.8,,,196.5,,0.0,0.0,0.0
2024-10-20 21:40:00,14.7,1019.4,93.0,,9.8,,,170.0,,0.0,0.0,0.0
2024-10-20 21:45:00,15.2,1018.9,95.0,,2.3,,,212.0,,0.0,,
2024-10-20 21:50:00,14.8,1019.4,93.0,,9.4,,,172.0,,0.0,0.0,0.0
2024-10-20 22:00:00,14.9,1019.4,94.75,5000.0,9.85,28.8,28.8,212.0,0.15,0.0,0.0,0.0
2024-10-20 22:10:00,14.8,1019.9,93.0,,10.3,,,177.0,,0.0,0.0,0.0
2024-10-20 22:15:00,15.2,1019.4,95.0,,4.8,,,232.0,,0.0,,
2024-10-20 22:20:00,14.8,1019.6,93.0,,9.3,,,173.0,,0.0,0.0,0.0
2024-10-20 22:30:00,15.0,1019.65,94.0,,6.35,,,201.0,,0.0,0.0,0.0
2024-10-20 22:40:00,14.7,1019.7,93.0,,8.6,,,167.0,,0.0,0.0,0.0
2024-10-20 22:45:00,15.3,1019.6,95.0,,3.6,,,232.0,,0.0,,
2024-10-20 22:50:00,14.7,1019.8,93.0,,7.9,,,165.0,,0.0,0.0,0.0
2024-10-20 23:00:00,14.774999999999999,1019.7,94.5,13000.0,7.65,23.4,25.2,225.5,0.1,0.0,0.0,0.0
2024-10-20 23:10:00,14.6,1019.9,93.0,,6.3,,,169.0,,0.0,0.0,0.0
2024-10-20 23:15:00,15.2,1019.3,95.0,,1.3,,,242.0,,0.0,,
2024-10-20 23:20:00,14.6,1020.1,93.0,,6.6,,,176.0,,0.0,0.0,0.0
2024-10-20 23:30:00,14.85,1019.7,94.0,,3.3,,,180.0,,0.0,0.0,0.0
2024-10-20 23:40:00,14.6,1019.9,94.0,,7.3,,,168.0,,0.0,0.0,0.0
2024-10-20 23:45:00,15.1,1019.7,96.0,,0.7,,,214.0,,0.0,,
2024-10-20 23:50:00,14.6,1020.1,94.0,,7.6,,,169.0,,0.0,0.0,0.0
2024-10-21 00:00:00,14.6,1019.875,95.25,16000.0,4.85,14.4,18.0,195.75,0.0,0.0,0.0,0.0
2024-10-21 00:10:00,14.6,1020.0,94.0,,6.4,,,160.0,,0.0,0.0,0.0
2024-10-21 00:15:00,15.0,1019.8,96.0,,0.2,,,261.0,,0.0,,
2024-10-21 00:20:00,14.6,1020.0,94.0,,6.9,,,160.0,,0.0,0.0,0.0
2024-10-21 00:30:00,14.75,1019.95,95.0,,3.7,,,208.5,,0.0,0.0,0.0
2024-10-21 00:40:00,14.5,1020.0,94.0,,6.5,,,148.0,,0.0,0.0,0.0
2024-10-21 00:45:00,14.9,1019.6,96.0,,1.1,,,177.0,,0.0,,
2024-10-21 00:50:00,14.6,1020.3,94.0,,7.3,,,153.0,,0.0,0.0,0.0
2024-10-21 01:00:00,14.425,1019.975,95.0,8500.0,4.175,9.0,14.4,126.75,0.1,0.0,0.0,0.0
2024-10-21 01:10:00,14.5,1020.2,94.0,,6.5,,,148.0,,0.0,0.0,0.0
2024-10-21 01:15:00,14.8,1019.3,96.0,,1.9,,,146.0,,0.0,,
2024-10-21 01:20:00,14.5,1020.3,94.0,,6.6,,,151.0,,0.0,0.0,0.0
2024-10-21 01:30:00,14.7,1019.8,95.0,,4.3500000000000005,,,155.0,,4.6,0.0,0.0
2024-10-21 01:40:00,14.5,1020.1,94.0,,8.9,,,153.0,,3.0,0.0,0.0
2024-10-21 01:45:00,14.8,1019.4,96.0,,0.0,,,0.0,,1.0,,
2024-10-21 01:50:00,14.5,1020.0,94.0,,10.5,,,155.0,,1.0,0.0,0.0
2024-10-21 02:00:00,14.325,1019.95,96.25,10000.0,5.225,10.8,10.8,196.5,0.6499999999999999,0.4,0.0,0.0
2024-10-21 02:10:00,14.4,1019.6,95.0,,9.1,,,147.0,,0.0,0.0,0.0
2024-10-21 02:15:00,14.9,1019.5,97.0,,1.0,,,245.0,,1.0,,
2024-10-21 02:20:00,14.4,1019.7,95.0,,9.7,,,147.0,,0.0,0.0,0.0
2024-10-21 02:30:00,14.600000000000001,1019.7,96.0,,5.5,,,197.5,,2.2,0.0,0.0
2024-10-21 02:40:00,14.4,1019.8,95.0,,8.9,,,152.0,,0.0,0.0,0.0
2024-10-21 02:45:00,14.8,1019.6,97.0,,2.4,,,248.0,,3.8,,
2024-10-21 02:50:00,14.4,1020.0,95.0,,7.9,,,152.0,,0.0,0.0,0.0
2024-10-21 03:00:00,14.325,1020.0,96.75,10200.0,5.6,10.8,10.8,182.0,1.2,3.8,0.0,0.0
2024-10-21 03:10:00,14.3,1020.2,95.0,,4.3,,,176.0,,1.6,0.0,0.0
2024-10-21 03:15:00,14.7,1019.6,97.0,,0.5,,,233.0,,5.8,,
2024-10-21 03:20:00,14.3,1020.3,95.0,,4.6,,,154.0,,0.8,0.0,0.0
2024-10-21 03:30:00,14.45,1020.0,96.0,,3.05,,,202.5,,2.2,0.0,0.0
2024-10-21 03:40:00,14.3,1020.3,96.0,,4.9,,,151.0,,5.2,0.0,0.0
2024-10-21 03:45:00,13.9,1019.6,96.0,,1.3,,,298.0,,4.0,,
2024-10-21 03:50:00,14.2,1020.0,96.0,,4.5,,,152.0,,1.6,0.0,0.0
2024-10-21 04:00:00,13.775,1020.15,96.25,11500.0,4.725,9.0,10.8,192.25,1.7000000000000002,3.3,0.0,0.0
2024-10-21 04:10:00,13.8,1020.6,96.0,,7.9,,,171.0,,6.2,0.0,0.0
2024-10-21 04:15:00,13.2,1020.0,94.0,,3.3,,,271.0,,5.0,,
2024-10-21 04:20:00,13.9,1020.8,96.0,,7.7,,,176.0,,6.2,0.0,0.0
2024-10-21 04:30:00,13.45,1020.25,95.0,,5.3999999999999995,,,209.5,,2.0,0.0,0.0
2024-10-21 04:40:00,13.8,1020.6,95.0,,6.4,,,176.0,,1.6,0.0,0.0
2024-10-21 04:45:00,13.2,1020.0,94.0,,0.1,,,252.0,,1.0,,
2024-10-21 04:50:00,13.9,1020.6,95.0,,5.5,,,172.0,,1.8,0.0,0.0
2024-10-21 05:00:00,13.475,1020.525,95.25,8150.0,5.675,12.600000000000001,14.4,253.0,1.75,2.3,0.0,0.0
2024-10-21 05:10:00,13.8,1020.5,95.0,,5.3,,,155.0,,1.8,0.0,0.0
2024-10-21 05:15:00,13.0,1020.5,95.0,,3.0,,,318.0,,3.4,,
2024-10-21 05:20:00,13.8,1020.7,95.0,,3.3,,,153.0,,1.8,0.0,0.0
2024-10-21 05:30:00,13.350000000000001,1020.6,95.5,,3.0,,,241.5,,2.0,0.0,0.0
2024-10-21 05:40:00,13.8,1021.0,96.0,,2.0,,,153.0,,0.0,0.0,0.0
2024-10-21 05:45:00,12.8,1020.7,95.0,,2.9,,,323.0,,5.2,,
2024-10-21 05:50:00,13.9,1021.0,96.0,,4.6,,,296.0,,0.2,0.0,0.0
2024-10-21 06:00:00,13.1,1020.875,96.0,4400.0,5.95,12.600000000000001,14.4,237.25,2.0,2.9000000000000004,0.0,0.0
2024-10-21 06:10:00,13.4,1021.1,96.0,,6.6,,,319.0,,2.6,0.0,0.0
2024-10-21 06:15:00,12.7,1020.6,95.0,,2.5,,,347.0,,5.8,,
2024-10-21 06:20:00,13.2,1021.2,96.0,,6.3,,,332.0,,2.2,0.0,0.0
2024-10-21 06:30:00,12.95,1021.2,95.5,,5.4,,,174.5,,4.6,0.0,0.0
2024-10-21 06:40:00,13.2,1021.8,96.0,,6.6,,,325.0,,6.2,0.0,0.0
2024-10-21 06:45:00,12.6,1020.7,96.0,,3.9,,,17.0,,4.2,,
2024-10-21 06:50:00,13.1,1021.9,96.0,,6.2,,,346.0,,4.6,0.0,0.0
2024-10-21 07:00:00,12.7,1021.2,96.75,4600.0,7.675000000000001,18.0,21.6,137.25,2.6,2.7,7.0,0.0
2024-10-21 07:10:00,12.6,1021.8,96.0,,2.7,,,5.0,,1.0,7.0,0.0
2024-10-21 07:15:00,12.5,1020.8,96.0,,3.4,,,17.0,,3.4,,
2024-10-21 07:20:00,12.3,1022.3,96.0,,1.0,,,20.0,,3.8,7.0,0.0
2024-10-21 07:30:00,12.3,1021.4000000000001,96.0,,1.65,,,28.0,,1.8,11.0,0.0
2024-10-21 07:40:00,12.1,1022.4,96.0,,1.4,,,22.0,,1.2,12.0,0.0
2024-10-21 07:45:00,12.6,1021.0,96.0,,1.4,,,37.0,,1.0,,
2024-10-21 07:50:00,12.1,1022.0,96.0,,1.9,,,22.0,,1.0,12.0,0.0
2024-10-21 08:00:00,12.225,1021.7,96.75,4650.0,7.075,18.0,21.6,54.25,1.9,1.9,14.0,0.0
2024-10-21 08:10:00,12.1,1021.9,96.0,,4.4,,,69.0,,0.8,19.0,0.0
2024-10-21 08:15:00,12.2,1021.0,96.0,,3.4,,,23.0,,2.8,,
2024-10-21 08:20:00,12.2,1022.1,96.0,,3.5,,,84.0,,0.0,25.0,0.0
2024-10-21 08:30:00,12.2,1021.45,95.5,,5.15,,,53.5,,0.4,30.0,0.0
2024-10-21 08:40:00,12.4,1022.3,96.0,,4.9,,,88.0,,0.0,26.0,0.0
2024-10-21 08:45:00,12.2,1020.9,95.0,,3.5,,,34.0,,0.2,,
2024-10-21 08:50:00,12.5,1022.2,96.0,,6.9,,,124.0,,0.2,32.0,0.0
2024-10-21 09:00:00,12.275,1021.675,96.0,9850.0,7.175,19.8,21.6,78.75,1.25,1.2999999999999998,28.0,0.0
2024-10-21 09:10:00,12.3,1022.8,96.0,,5.9,,,,,2.6,25.0,0.0
2024-10-21 09:15:00,12.3,1021.4,94.0,,3.7,,,355.0,,1.0,,
2024-10-21 09:20:00,12.1,1022.6,96.0,,6.2,,,129.0,,3.4,40.0,0.0
2024-10-21 09:30:00,12.2,1022.1,95.0,,4.9,,,81.5,,2.4000000000000004,60.0,0.0
2024-10-21 09:40:00,12.1,1022.6,96.0,,4.2,,,115.0,,1.8,54.0,0.0
2024-10-21 09:45:00,12.1,1021.9,93.0,,4.2,,,39.0,,3.4,,
2024-10-21 09:50:00,11.8,1022.4,96.0,,4.0,,,113.0,,1.0,40.0,0.0
2024-10-21 10:00:00,12.2,1022.125,95.0,11200.0,7.75,19.8,25.2,84.0,1.1,1.1,47.0,0.0
2024-10-21 10:10:00,11.7,1022.5,95.0,,1.1,,,104.0,,0.2,46.0,0.0
2024-10-21 10:15:00,11.9,1022.3,93.0,,3.3,,,1.0,,5.2,,
2024-10-21 10:20:00,11.7,1022.7,96.0,,0.5,,,104.0,,2.6,49.0,0.0
2024-10-21 10:30:00,11.850000000000001,1022.55,94.5,,1.45,,,71.0,,3.9,49.0,0.0
2024-10-21 10:40:00,11.8,1023.0,95.0,,1.7,,,104.0,,1.0,49.0,0.0
2024-10-21 10:45:00,11.9,1022.1,94.0,,2.7,,,12.0,,5.0,,
2024-10-21 10:50:00,11.8,1023.2,95.0,,1.2,,,179.0,,4.6,46.0,0.0
2024-10-21 11:00:00,12.2,1022.4,94.0,13000.0,6.65,19.8,21.6,139.0,2.15,3.2,47.0,0.0
2024-10-21 11:10:00,11.7,1023.0,95.0,,2.0,,,302.0,,3.6,37.0,0.0
2024-10-21 11:15:00,11.8,1022.3,94.0,,4.0,,,20.0,,3.2,,
2024-10-21 11:20:00,11.7,1023.1,95.0,,1.6,,,308.0,,5.8,32.0,0.0
2024-10-21 11:30:00,11.7,1022.5,94.5,,2.55,,,170.0,,3.8000000000000003,49.0,0.0
2024-10-21 11:40:00,11.7,1023.0,95.0,,0.7,,,308.0,,4.6,47.0,0.0
2024-10-21 11:45:00,11.7,1021.8,94.0,,3.9,,,46.0,,2.6,,
2024-10-21 11:50:00,11.7,1022.9,96.0,,0.7,,,308.0,,3.0,47.0,0.0
2024-10-21 12:00:00,12.149999999999999,1022.5,95.0,27050.0,6.4,19.8,28.8,198.66666666666666,2.25,2.8,65.0,0.0
2024-10-21 12:10:00,11.7,1022.6,96.0,,2.9,,,282.0,,1.8,63.0,0.0
2024-10-21 12:15:00,11.8,1022.1,94.0,,2.4,,,330.0,,2.0,,
2024-10-21 12:20:00,11.7,1022.6,96.0,,2.8,,,138.0,,2.0,47.0,0.0
2024-10-21 12:30:00,11.75,1022.4000000000001,95.5,,2.15,,,236.0,,2.2,33.0,0.0
2024-10-21 12:40:00,11.8,1022.5,96.0,,1.6,,,137.0,,2.0,25.0,0.0
2024-10-21 12:45:00,11.8,1022.2,95.0,,4.0,,,350.0,,6.4,,
2024-10-21 12:50:00,11.7,1022.8,96.0,,2.7,,,137.0,,1.8,25.0,0.0
2024-10-21 13:00:00,12.175,1022.45,94.25,10500.0,7.175,21.6,32.4,93.75,1.8,2.3,23.0,0.0
2024-10-21 13:10:00,11.7,1022.8,96.0,,1.1,,,137.0,,5.0,21.0,0.0
2024-10-21 13:15:00,11.8,1022.7,95.0,,3.1,,,349.0,,1.0,,
2024-10-21 13:20:00,11.8,1022.8,96.0,,2.4,,,137.0,,4.8,23.0,0.0
2024-10-21 13:30:00,12.15,1022.75,96.0,,2.05,,,237.5,,1.3,18.0,0.0
2024-10-21 13:40:00,11.8,1022.8,96.0,,1.0,,,137.0,,5.0,14.0,0.0
2024-10-21 13:45:00,12.9,1022.6,92.0,,4.3,,,349.0,,0.0,,
2024-10-21 13:50:00,11.7,1022.4,96.0,,0.0,,,137.0,,4.6,16.0,0.0
2024-10-21 14:00:00,12.875,1022.55,91.25,10300.0,7.65,28.8,39.6,145.75,2.575,2.9,21.0,0.0
2024-10-21 14:10:00,11.7,1022.2,96.0,,2.0,,,137.0,,2.4,14.0,0.0
2024-10-21 14:15:00,13.6,1022.7,90.0,,5.0,,,298.0,,0.0,,
2024-10-21 14:20:00,11.7,1021.8,96.0,,4.0,,,137.0,,3.8,18.0,0.0
2024-10-21 14:30:00,12.65,1022.65,92.5,,3.6,,,222.0,,1.0,16.0,0.0
2024-10-21 14:40:00,11.8,1022.6,96.0,,3.7,,,204.0,,1.4,26.0,0.0
2024-10-21 14:45:00,13.7,1022.9,88.0,,2.6,,,333.0,,0.0,,
2024-10-21 14:50:00,11.8,1022.7,96.0,,3.2,,,195.0,,0.8,19.0,0.0
2024-10-21 15:00:00,13.45,1022.75,89.75,11500.0,4.85,19.8,25.2,207.25,1.65,0.0,23.0,0.0
2024-10-21 15:10:00,11.8,1022.9,96.0,,2.1,,,195.0,,0.2,23.0,0.0
2024-10-21 15:15:00,14.1,1023.0,85.0,,4.6,,,334.0,,0.0,,
2024-10-21 15:20:00,11.9,1022.8,96.0,,1.8,,,194.0,,0.0,35.0,0.0
2024-10-21 15:30:00,13.149999999999999,1022.85,91.5,,2.4,,,262.5,,0.0,65.0,0.0
2024-10-21 15:40:00,12.9,1022.9,97.0,,2.6,,,265.0,,0.0,220.0,0.0
2024-10-21 15:45:00,14.3,1023.1,84.0,,4.9,,,307.0,,0.0,,
2024-10-21 15:50:00,12.9,1023.4,96.0,,4.8,,,292.0,,0.0,130.0,0.0
2024-10-21 16:00:00,13.55,1023.175,89.5,11500.0,4.625,18.0,21.6,218.5,0.65,0.0,144.0,0.0
2024-10-21 16:10:00,12.9,1023.4,96.0,,3.9,,,263.0,,0.0,141.0,0.0
2024-10-21 16:15:00,14.2,1023.4,85.0,,4.0,,,328.0,,0.0,,
2024-10-21 16:20:00,13.1,1023.4,96.0,,5.6,,,292.0,,0.0,97.0,0.0
2024-10-21 16:30:00,13.4,1023.45,90.0,,4.699999999999999,,,312.5,,0.0,90.0,0.0
2024-10-21 16:40:00,12.9,1023.6,96.0,,2.0,,,,,0.0,19.0,0.0
2024-10-21 16:45:00,13.9,1023.7,85.0,,1.8,,,303.0,,0.0,,
2024-10-21 16:50:00,12.8,1023.7,95.0,,4.0,,,330.0,,0.0,16.0,0.0
2024-10-21 17:00:00,12.625,1023.8,91.5,31000.0,7.0,12.600000000000001,14.4,217.25,0.55,0.0,9.0,0.0
2024-10-21 17:10:00,12.3,1023.9,95.0,,7.5,,,296.0,,0.0,0.0,0.0
2024-10-21 17:15:00,12.7,1024.2,89.0,,0.7,,,268.0,,0.0,,
2024-10-21 17:20:00,12.1,1024.0,95.0,,8.5,,,300.0,,0.0,0.0,0.0
2024-10-21 17:30:00,12.2,1024.15,92.5,,4.4,,,288.0,,0.0,0.0,0.0
2024-10-21 17:40:00,12.1,1024.1,95.0,,7.3,,,,,0.0,0.0,0.0
2024-10-21 17:45:00,12.3,1024.9,91.0,,4.0,,,255.0,,0.0,,
2024-10-21 17:50:00,12.0,1024.5,95.0,,7.2,,,299.0,,0.0,0.0,0.0
2024-10-21 18:00:00,11.675,1024.625,94.25,12500.0,6.8,12.600000000000001,14.4,282.5,0.0,0.0,0.0,0.0
2024-10-21 18:10:00,11.8,1024.8,95.0,,4.9,,,308.0,,0.0,0.0,0.0
2024-10-21 18:15:00,12.2,1025.6,91.0,,5.9,,,262.0,,0.0,,
2024-10-21 18:20:00,11.7,1024.9,95.0,,5.0,,,298.0,,0.0,0.0,0.0
2024-10-21 18:30:00,11.899999999999999,1025.35,93.0,,4.95,,,285.0,,0.0,0.0,0.0
2024-10-21 18:40:00,11.4,1025.2,95.0,,2.1,,,263.0,,0.0,0.0,0.0
2024-10-21 18:45:00,12.3,1025.9,91.0,,2.5,,,285.0,,0.0,,
2024-10-21 18:50:00,11.3,1025.3,96.0,,1.6,,,253.0,,0.0,0.0,0.0
2024-10-21 19:00:00,11.174999999999999,1025.675,95.25,4500.0,4.5,12.600000000000001,14.4,265.75,0.0,0.0,0.0,0.0
2024-10-21 19:10:00,11.3,1025.6,95.0,,2.8,,,259.0,,0.0,0.0,0.0
2024-10-21 19:15:00,12.1,1026.2,91.0,,2.5,,,225.0,,0.0,,
2024-10-21 19:20:00,11.2,1025.8,95.0,,2.8,,,254.0,,0.0,0.0,0.0
2024-10-21 19:30:00,11.55,1026.1,93.5,,2.05,,,260.5,,0.0,0.0,0.0
2024-10-21 19:40:00,11.1,1025.9,95.0,,2.4,,,263.0,,0.0,0.0,0.0
2024-10-21 19:45:00,11.6,1026.6,92.0,,0.1,,,262.0,,0.0,,
2024-10-21 19:50:00,10.8,1026.0,95.0,,2.0,,,250.0,,0.0,0.0,0.0
2024-10-21 20:00:00,10.925,1026.475,96.0,9700.0,5.4750000000000005,12.600000000000001,14.4,229.25,0.05,0.0,0.0,0.0
2024-10-21 20:10:00,10.8,1026.6,96.0,,2.7,,,194.0,,0.0,0.0,0.0
2024-10-21 20:15:00,11.3,1026.8,94.0,,0.3,,,262.0,,0.0,,
2024-10-21 20:20:00,10.9,1026.6,96.0,,1.7,,,248.0,,0.0,0.0,0.0
2024-10-21 20:30:00,10.95,1026.75,95.5,,2.7,,,254.0,,0.0,0.0,0.0
2024-10-21 20:40:00,10.8,1026.8,96.0,,6.4,,,259.0,,0.0,0.0,0.0
2024-10-21 20:45:00,11.0,1026.9,95.0,,0.0,,,0.0,,0.0,,
2024-10-21 20:50:00,10.8,1026.8,95.0,,3.3,,,267.0,,0.0,0.0,0.0
2024-10-21 21:00:00,10.775,1027.0249999999999,96.75,2600.0,2.975,12.600000000000001,14.4,245.0,0.0,0.0,0.0,0.0
2024-10-21 21:10:00,10.6,1027.0,96.0,,0.8,,,246.0,,0.0,0.0,0.0
2024-10-21 21:15:00,10.4,1027.2,95.0,,0.7,,,271.0,,0.0,,
2024-10-21 21:20:00,10.6,1026.9,95.0,,3.1,,,203.0,,0.0,0.0,0.0
2024-10-21 21:30:00,10.399999999999999,1027.1999999999998,95.5,,2.6999999999999997,,,102.5,,0.0,0.0,0.0
2024-10-21 21:40:00,10.8,1027.1,95.0,,6.2,,,180.0,,0.0,0.0,0.0
2024-10-21 21:45:00,9.9,1027.4,95.0,,0.9,,,17.0,,0.0,,
2024-10-21 21:50:00,10.8,1027.1,95.0,,5.7,,,204.0,,0.0,0.0,0.0
2024-10-21 22:00:00,10.2,1027.375,97.0,500.0,5.175,12.600000000000001,14.4,187.0,0.0,0.0,0.0,0.0
2024-10-21 22:10:00,10.2,1027.4,94.0,,4.0,,,174.0,,0.0,0.0,0.0
2024-10-21 22:15:00,9.7,1027.4,96.0,,0.0,,,0.0,,0.0,,
2024-10-21 22:20:00,9.7,1027.3,94.0,,5.3,,,119.0,,0.0,0.0,0.0
2024-10-21 22:30:00,9.7,1027.5,95.5,,3.55,,,76.0,,0.1,0.0,0.0
2024-10-21 22:40:00,9.9,1027.5,95.0,,7.2,,,154.0,,0.0,0.0,0.0
2024-10-21 22:45:00,9.8,1027.5,96.0,,1.0,,,143.0,,1.6,,
2024-10-21 22:50:00,9.8,1027.5,95.0,,4.6,,,167.0,,0.0,0.0,0.0
2024-10-21 23:00:00,9.549999999999999,1027.775,97.0,500.0,5.8500000000000005,12.600000000000001,14.4,196.75,0.25,0.0,0.0,0.0
2024-10-21 23:10:00,9.8,1027.6,95.0,,5.5,,,159.0,,0.0,0.0,0.0
2024-10-21 23:15:00,9.8,1027.6,96.0,,0.0,,,196.0,,0.0,,
2024-10-21 23:20:00,9.6,1027.9,95.0,,5.7,,,162.0,,0.0,0.0,0.0
2024-10-21 23:30:00,9.75,1027.85,95.5,,3.2,,,182.0,,0.0,0.0,0.0
2024-10-21 23:40:00,9.7,1028.1,95.0,,6.2,,,170.0,,0.0,0.0,0.0
2024-10-21 23:45:00,9.7,1028.0,96.0,,0.9,,,233.0,,0.2,,
2024-10-21 23:50:00,9.5,1028.1,95.0,,6.0,,,160.0,,0.0,0.0,0.0
2024-10-22 00:00:00,9.325,1028.25,97.25,150.0,5.1,10.8,14.4,213.25,0.05,0.1,0.0,0.0
2024-10-22 00:10:00,9.7,1028.2,95.0,,5.5,,,168.0,,0.0,0.0,0.0
2024-10-22 00:15:00,9.3,1028.4,96.0,,0.0,,,0.0,,0.0,,
2024-10-22 00:20:00,9.5,1028.4,95.0,,4.2,,,170.0,,0.0,0.0,0.0
2024-10-22 00:30:00,9.3,1028.45,96.0,,2.9499999999999997,,,199.0,,0.0,0.0,0.0
2024-10-22 00:40:00,9.3,1028.5,96.0,,7.0,,,151.0,,0.0,0.0,0.0
2024-10-22 00:45:00,9.2,1028.4,97.0,,0.0,,,233.0,,0.0,,
2024-10-22 00:50:00,9.3,1028.5,96.0,,6.5,,,156.0,,0.0,0.0,0.0
2024-10-22 01:00:00,8.95,1028.625,97.25,150.0,3.875,7.2,10.8,202.25,0.0,0.0,0.0,0.0
2024-10-22 01:10:00,9.2,1028.6,95.0,,4.5,,,163.0,,0.0,0.0,0.0
2024-10-22 01:15:00,8.8,1028.6,96.0,,0.4,,,233.0,,0.0,,
2024-10-22 01:20:00,8.9,1028.8,96.0,,4.9,,,130.0,,0.0,0.0,0.0
2024-10-22 01:30:00,8.8,1028.75,96.5,,2.5,,,68.0,,0.0,0.0,0.0
2024-10-22 01:40:00,8.9,1028.9,96.0,,6.0,,,131.0,,0.0,0.0,0.0
2024-10-22 01:45:00,8.4,1028.7,97.0,,1.0,,,233.0,,0.0,,
2024-10-22 01:50:00,8.8,1028.7,96.0,,5.0,,,130.0,,0.0,0.0,0.0
2024-10-22 02:00:00,8.475000000000001,1028.85,98.0,200.0,3.525,9.0,10.8,193.5,0.0,0.0,0.0,0.0
2024-10-22 02:10:00,9.4,1028.9,96.0,,2.5,,,212.0,,0.0,0.0,0.0
2024-10-22 02:15:00,8.1,1028.9,97.0,,0.9,,,30.0,,0.0,,
2024-10-22 02:20:00,9.6,1028.9,96.0,,2.3,,,191.0,,0.0,0.0,0.0
2024-10-22 02:30:00,9.0,1028.85,96.5,,3.0,,,98.0,,0.0,0.0,0.0
2024-10-22 02:40:00,10.2,1028.8,96.0,,4.8,,,140.0,,0.0,0.0,0.0
2024-10-22 02:45:00,7.9,1029.0,97.0,,2.7,,,9.0,,0.0,,
2024-10-22 02:50:00,10.4,1028.9,96.0,,5.5,,,142.0,,0.0,0.0,0.0
2024-10-22 03:00:00,8.3,1029.1,97.75,1400.0,4.2,7.2,10.8,150.5,0.0,0.0,0.0,0.0
2024-10-22 03:10:00,10.3,1029.1,96.0,,3.4,,,168.0,,0.0,0.0,0.0
2024-10-22 03:15:00,7.5,1029.2,97.0,,0.7,,,24.0,,0.0,,
2024-10-22 03:20:00,10.3,1029.1,96.0,,3.8,,,173.0,,0.0,0.0,0.0
2024-10-22 03:30:00,8.8,1029.3,96.5,,3.1,,,93.5,,0.0,0.0,0.0
2024-10-22 03:40:00,10.4,1029.4,97.0,,4.8,,,171.0,,0.0,0.0,0.0
2024-10-22 03:45:00,7.3,1029.4,97.0,,0.5,,,24.0,,0.0,,
2024-10-22 03:50:00,10.4,1029.4,96.0,,6.4,,,175.0,,0.0,0.0,0.0
2024-10-22 04:00:00,8.075,1029.4750000000001,97.75,3100.0,4.55,9.0,10.8,152.75,0.0,0.0,0.0,0.0
2024-10-22 04:10:00,10.3,1029.6,96.0,,6.5,,,165.0,,0.0,0.0,0.0
2024-10-22 04:15:00,7.2,1029.5,97.0,,1.5,,,353.0,,0.0,,
2024-10-22 04:20:00,10.4,1029.7,96.0,,4.5,,,181.0,,0.0,0.0,0.0
2024-10-22 04:30:00,8.8,1029.6999999999998,96.5,,3.05,,,100.5,,0.0,0.0,0.0
2024-10-22 04:40:00,10.7,1029.8,96.0,,4.9,,,206.0,,0.0,0.0,0.0
2024-10-22 04:45:00,6.9,1029.8,97.0,,1.9,,,355.0,,0.0,,
2024-10-22 04:50:00,10.6,1029.8,96.0,,5.9,,,204.0,,0.0,0.0,0.0
2024-10-22 05:00:00,8.1,1029.95,98.25,8650.0,4.575,9.0,10.8,245.0,0.0,0.0,0.0,0.0
2024-10-22 05:10:00,10.7,1030.0,96.0,,5.8,,,234.0,,0.0,0.0,0.0
2024-10-22 05:15:00,6.8,1029.9,97.0,,1.6,,,351.0,,0.0,,
2024-10-22 05:20:00,10.7,1029.9,96.0,,6.3,,,245.0,,0.0,0.0,0.0
2024-10-22 05:30:00,8.6,1029.95,96.5,,3.05,,,111.0,,0.0,0.0,0.0
2024-10-22 05:40:00,10.7,1029.9,96.0,,6.3,,,212.0,,0.0,0.0,0.0
2024-10-22 05:45:00,6.6,1030.0,97.0,,1.2,,,351.0,,0.0,,
2024-10-22 05:50:00,10.4,1029.9,96.0,,7.0,,,209.0,,0.0,0.0,0.0
2024-10-22 06:00:00,8.325,1030.225,98.25,9950.0,4.45,9.0,10.8,161.75,0.0,0.0,0.0,0.0
2024-10-22 06:10:00,10.2,1030.0,96.0,,4.7,,,193.0,,0.0,0.0,0.0
2024-10-22 06:15:00,6.4,1030.2,97.0,,1.9,,,19.0,,0.0,,
2024-10-22 06:20:00,10.1,1030.2,96.0,,6.4,,,153.0,,0.0,0.0,0.0
2024-10-22 06:30:00,8.25,1030.25,96.5,,3.6,,,84.5,,0.0,0.0,0.0
2024-10-22 06:40:00,10.0,1030.5,96.0,,5.4,,,183.0,,0.0,0.0,0.0
2024-10-22 06:45:00,6.2,1030.5,97.0,,2.3,,,1.0,,0.0,,
2024-10-22 06:50:00,10.0,1030.6,96.0,,6.0,,,212.0,,0.0,9.0,0.0
2024-10-22 07:00:00,8.225,1030.775,98.0,8800.0,5.425,10.8,10.8,223.75,0.0,0.0,16.0,0.0
2024-10-22 07:10:00,9.2,1031.0,96.0,,6.3,,,136.0,,0.0,33.0,0.0
2024-10-22 07:15:00,6.3,1030.6,97.0,,2.1,,,3.0,,0.2,,
2024-10-22 07:20:00,9.4,1031.2,96.0,,6.4,,,138.0,,0.0,51.0,0.0
2024-10-22 07:30:00,8.0,1031.05,96.5,,3.55,,,79.0,,0.0,67.0,0.0
2024-10-22 07:40:00,9.9,1031.3,96.0,,6.9,,,163.0,,0.0,90.0,0.0
2024-10-22 07:45:00,6.6,1031.0,97.0,,0.9,,,12.0,,0.0,,
2024-10-22 07:50:00,10.1,1031.4,96.0,,8.3,,,165.0,,0.0,114.0,0.0
2024-10-22 08:00:00,9.3,1031.25,98.25,8600.0,4.975,10.8,10.8,133.0,0.05,0.0,100.0,0.0
2024-10-22 08:10:00,10.3,1031.6,96.0,,7.8,,,171.0,,0.2,171.0,0.0
2024-10-22 08:15:00,7.4,1031.2,97.0,,0.2,,,30.0,,0.0,,
2024-10-22 08:20:00,10.6,1031.5,96.0,,6.6,,,186.0,,0.2,186.0,0.0
2024-10-22 08:30:00,9.8,1031.5,96.5,,3.1999999999999997,,,107.5,,0.0,204.0,0.6
2024-10-22 08:40:00,11.3,1031.8,96.0,,6.1,,,182.0,,0.0,227.0,0.7
2024-10-22 08:45:00,9.6,1031.4,97.0,,0.6,,,30.0,,0.0,,
2024-10-22 08:50:00,11.7,1031.9,95.0,,5.9,,,183.0,,0.0,244.0,0.8
2024-10-22 09:00:00,11.35,1031.75,96.75,9100.0,5.475,12.600000000000001,14.4,147.25,0.05,0.0,262.0,0.9
2024-10-22 09:10:00,12.4,1032.0,95.0,,6.4,,,184.0,,0.0,281.0,1.0
2024-10-22 09:15:00,10.9,1031.5,97.0,,1.2,,,111.0,,0.0,,
2024-10-22 09:20:00,12.8,1032.1,95.0,,7.0,,,163.0,,0.0,302.0,1.1
2024-10-22 09:30:00,12.3,1031.95,95.0,,4.05,,,155.5,,0.0,325.0,1.3
2024-10-22 09:40:00,13.6,1032.2,93.0,,6.7,,,187.0,,0.0,343.0,1.4
2024-10-22 09:45:00,11.8,1031.8,96.0,,1.7,,,147.0,,0.0,,
2024-10-22 09:50:00,13.8,1032.2,91.0,,5.2,,,199.0,,0.0,366.0,1.5
2024-10-22 10:00:00,12.875,1032.15,94.0,8250.0,7.05,18.0,21.6,188.75,0.0,0.0,385.0,1.6
2024-10-22 10:10:00,14.4,1032.3,89.0,,6.8,,,192.0,,0.0,403.0,1.7
2024-10-22 10:15:00,13.1,1031.8,96.0,,2.2,,,121.0,,0.0,,
2024-10-22 10:20:00,14.6,1032.3,86.0,,5.7,,,210.0,,0.0,418.0,1.8
2024-10-22 10:30:00,14.15,1032.05,88.5,,4.15,,,158.0,,0.0,438.0,2.0
2024-10-22 10:40:00,14.8,1032.5,84.0,,6.2,,,214.0,,0.0,454.0,2.1
2024-10-22 10:45:00,14.3,1031.9,90.0,,3.9,,,123.0,,0.0,,
2024-10-22 10:50:00,14.8,1032.5,84.0,,7.5,,,226.0,,0.0,492.0,2.1
2024-10-22 11:00:00,14.15,1032.275,87.75,12500.0,9.45,19.8,25.2,210.25,0.0,0.0,478.0,2.1
2024-10-22 11:10:00,15.3,1032.4,83.0,,7.8,,,212.0,,0.0,499.0,2.3
2024-10-22 11:15:00,15.7,1032.0,80.0,,4.4,,,204.0,,0.0,,
2024-10-22 11:20:00,15.1,1032.4,82.0,,10.2,,,223.0,,0.0,504.0,2.2
2024-10-22 11:30:00,15.45,1032.15,80.0,,7.300000000000001,,,226.0,,0.0,503.0,2.4
2024-10-22 11:40:00,15.4,1032.3,80.0,,10.5,,,236.0,,0.0,483.0,2.4
2024-10-22 11:45:00,15.6,1031.8,79.0,,3.3,,,202.0,,0.0,,
2024-10-22 11:50:00,15.7,1032.2,78.0,,12.0,,,242.0,,0.0,483.0,2.4
2024-10-22 12:00:00,15.15,1032.025,81.0,13000.0,10.6,19.8,28.8,253.0,0.0,0.0,485.0,2.4
2024-10-22 12:10:00,16.2,1032.0,76.0,,10.9,,,244.0,,0.0,485.0,2.5
2024-10-22 12:15:00,15.9,1031.8,77.0,,5.9,,,229.0,,0.0,,
2024-10-22 12:20:00,16.3,1032.0,76.0,,11.2,,,255.0,,0.0,487.0,2.5
2024-10-22 12:30:00,16.4,1031.85,76.0,,8.600000000000001,,,241.0,,0.0,534.0,2.5
2024-10-22 12:40:00,16.8,1032.0,76.0,,9.8,,,261.0,,0.0,555.0,2.4
2024-10-22 12:45:00,16.9,1031.7,73.0,,7.4,,,220.0,,0.0,,
2024-10-22 12:50:00,16.2,1031.9,75.0,,11.4,,,255.0,,0.0,181.0,1.6
2024-10-22 13:00:00,15.899999999999999,1031.95,75.75,17500.0,12.775,25.2,36.0,235.75,0.0,0.0,206.0,1.6
2024-10-22 13:10:00,16.3,1032.0,75.0,,10.1,,,282.0,,0.0,517.0,2.0
2024-10-22 13:15:00,16.4,1031.7,71.0,,8.6,,,239.0,,0.0,,
2024-10-22 13:20:00,17.0,1031.9,74.0,,10.3,,,294.0,,0.0,520.0,2.1
2024-10-22 13:30:00,16.85,1031.6999999999998,72.5,,8.25,,,260.0,,0.0,529.0,2.0
2024-10-22 13:40:00,17.3,1031.7,74.0,,7.5,,,269.0,,0.0,229.0,1.6
2024-10-22 13:45:00,17.3,1031.6,69.0,,4.2,,,230.0,,0.0,,
2024-10-22 13:50:00,16.8,1031.7,72.0,,8.7,,,264.0,,0.0,441.0,1.7
2024-10-22 14:00:00,16.225,1031.725,74.5,26500.0,12.375,25.2,36.0,226.25,0.0,0.0,90.0,1.1
2024-10-22 14:10:00,16.3,1031.6,73.0,,10.9,,,286.0,,0.0,98.0,1.0
2024-10-22 14:15:00,16.9,1031.6,72.0,,6.9,,,240.0,,0.0,,
2024-10-22 14:20:00,17.1,1031.5,72.0,,12.1,,,292.0,,0.0,376.0,1.3
2024-10-22 14:30:00,16.7,1031.6,72.0,,8.45,,,277.5,,0.0,98.0,1.0
2024-10-22 14:40:00,16.6,1031.6,73.0,,10.8,,,292.0,,0.0,132.0,0.8
2024-10-22 14:45:00,16.4,1031.6,74.0,,4.7,,,262.0,,0.0,,
2024-10-22 14:50:00,16.6,1031.6,74.0,,9.7,,,285.0,,0.0,86.0,0.8
2024-10-22 15:00:00,15.850000000000001,1031.75,75.0,35000.0,9.575000000000001,27.0,36.0,231.0,0.0,0.0,67.0,0.7
2024-10-22 15:10:00,16.2,1031.6,74.0,,7.4,,,262.0,,0.0,72.0,0.7
2024-10-22 15:15:00,15.7,1031.5,76.0,,4.5,,,255.0,,0.0,,
2024-10-22 15:20:00,16.3,1031.6,76.0,,8.9,,,256.0,,0.0,227.0,0.7
2024-10-22 15:30:00,16.3,1031.6,75.0,,6.1,,,269.0,,0.0,193.0,0.6
2024-10-22 15:40:00,16.7,1031.6,74.0,,6.5,,,276.0,,0.0,153.0,0.0
2024-10-22 15:45:00,15.9,1031.6,76.0,,5.6,,,262.0,,0.0,,
2024-10-22 15:50:00,16.5,1031.7,75.0,,8.0,,,274.0,,0.0,127.0,0.0
2024-10-22 16:00:00,15.725000000000001,1031.825,76.75,29500.0,8.75,21.6,32.4,227.25,0.0,0.0,125.0,0.0
2024-10-22 16:10:00,16.8,1031.7,75.0,,3.8,,,269.0,,0.0,88.0,0.0
2024-10-22 16:15:00,16.1,1031.7,76.0,,3.7,,,254.0,,0.0,,
2024-10-22 16:20:00,16.9,1031.9,74.0,,2.8,,,268.0,,0.0,54.0,0.0
2024-10-22 16:30:00,16.2,1031.85,75.5,,3.6,,,260.0,,0.0,37.0,0.0
2024-10-22 16:40:00,16.4,1031.9,75.0,,5.1,,,208.0,,0.0,23.0,0.0
2024-10-22 16:45:00,15.1,1031.9,79.0,,3.6,,,255.0,,0.0,,
2024-10-22 16:50:00,16.1,1032.1,76.0,,4.6,,,204.0,,0.0,14.0,0.0
2024-10-22 17:00:00,14.45,1032.275,82.0,24500.0,8.575,19.8,28.8,198.5,0.0,0.0,9.0,0.0
2024-10-22 17:10:00,15.3,1032.2,77.0,,3.1,,,186.0,,0.0,0.0,0.0
2024-10-22 17:15:00,14.1,1032.1,84.0,,4.3,,,241.0,,0.0,,
2024-10-22 17:20:00,15.1,1032.4,78.0,,2.3,,,203.0,,0.0,0.0,0.0
2024-10-22 17:30:00,14.2,1032.25,82.5,,3.25,,,226.5,,0.0,0.0,0.0
2024-10-22 17:40:00,14.4,1032.5,80.0,,2.5,,,203.0,,0.0,0.0,0.0
2024-10-22 17:45:00,13.4,1032.6,87.0,,3.5,,,244.0,,0.0,,
2024-10-22 17:50:00,14.3,1032.7,80.0,,3.2,,,182.0,,0.0,0.0,0.0
2024-10-22 18:00:00,13.075,1032.725,87.75,18500.0,7.475,18.0,25.2,180.5,0.0,0.0,0.0,0.0
2024-10-22 18:10:00,13.6,1032.7,83.0,,5.9,,,162.0,,0.0,0.0,0.0
2024-10-22 18:15:00,13.1,1032.8,88.0,,4.1,,,243.0,,0.0,,
2024-10-22 18:20:00,13.3,1033.0,84.0,,6.1,,,149.0,,0.0,0.0,0.0
2024-10-22 18:30:00,13.1,1033.05,87.0,,5.25,,,199.5,,0.0,0.0,0.0
2024-10-22 18:40:00,12.9,1033.1,87.0,,5.6,,,157.0,,0.0,0.0,0.0
2024-10-22 18:45:00,12.3,1033.0,90.0,,0.4,,,221.0,,0.0,,
2024-10-22 18:50:00,12.9,1033.1,87.0,,3.6,,,171.0,,0.0,0.0,0.0
2024-10-22 19:00:00,11.925,1033.25,90.75,12000.0,5.25,16.200000000000003,21.6,182.0,0.0,0.0,0.0,0.0
2024-10-22 19:10:00,12.7,1033.3,87.0,,3.9,,,187.0,,0.0,0.0,0.0
2024-10-22 19:15:00,11.8,1033.2,92.0,,0.0,,,221.0,,0.0,,
2024-10-22 19:20:00,12.3,1033.4,88.0,,4.6,,,185.0,,0.0,0.0,0.0
2024-10-22 19:30:00,11.75,1033.4,91.0,,2.7,,,185.0,,0.0,0.0,0.0
2024-10-22 19:40:00,12.0,1033.6,89.0,,4.2,,,146.0,,0.0,0.0,0.0
2024-10-22 19:45:00,11.3,1033.2,94.0,,2.3,,,339.0,,0.0,,
2024-10-22 19:50:00,11.8,1033.6,90.0,,4.2,,,146.0,,0.0,0.0,0.0
2024-10-22 20:00:00,11.15,1033.525,93.75,8700.0,5.25,12.600000000000001,14.4,110.0,0.0,0.0,0.0,0.0
2024-10-22 20:10:00,11.4,1033.8,91.0,,4.8,,,142.0,,0.0,0.0,0.0
2024-10-22 20:15:00,11.1,1033.2,94.0,,2.1,,,14.0,,0.0,,
2024-10-22 20:20:00,11.2,1033.8,91.0,,5.2,,,134.0,,0.0,0.0,0.0
2024-10-22 20:30:00,10.95,1033.6,93.0,,3.8,,,70.5,,0.0,0.0,0.0
2024-10-22 20:40:00,11.1,1033.9,92.0,,5.1,,,134.0,,0.0,0.0,0.0
2024-10-22 20:45:00,10.7,1033.4,94.0,,1.4,,,359.0,,0.0,,
2024-10-22 20:50:00,11.1,1034.0,92.0,,4.6,,,135.0,,0.0,0.0,0.0
2024-10-22 21:00:00,10.600000000000001,1033.8,95.25,8100.0,5.825,10.8,14.4,107.0,0.0,0.0,0.0,0.0
2024-10-22 21:10:00,10.8,1034.0,93.0,,5.9,,,133.0,,0.0,0.0,0.0
2024-10-22 21:15:00,10.4,1033.5,95.0,,2.2,,,3.0,,0.0,,
2024-10-22 21:20:00,10.7,1034.0,93.0,,5.3,,,132.0,,0.0,0.0,0.0
2024-10-22 21:30:00,10.5,1033.75,94.0,,3.9,,,75.5,,0.0,0.0,0.0
2024-10-22 21:40:00,10.4,1033.9,93.0,,7.4,,,132.0,,0.0,0.0,0.0
2024-10-22 21:45:00,9.9,1033.4,95.0,,3.3,,,8.0,,0.0,,
2024-10-22 21:50:00,10.4,1033.9,93.0,,6.0,,,132.0,,0.0,0.0,0.0
2024-10-22 22:00:00,10.525,1033.675,96.25,7550.0,5.525,12.6,18.0,100.75,0.0,0.0,0.0,0.0
2024-10-22 22:10:00,10.4,1033.9,94.0,,4.7,,,132.0,,0.0,0.0,0.0
2024-10-22 22:15:00,9.4,1033.4,95.0,,3.8,,,18.0,,0.0,,
2024-10-22 22:20:00,10.3,1033.8,94.0,,5.8,,,132.0,,0.0,0.0,0.0
2024-10-22 22:30:00,9.75,1033.5,94.5,,3.45,,,241.5,,0.0,0.0,0.0
2024-10-22 22:40:00,10.2,1033.7,94.0,,5.8,,,132.0,,0.0,0.0,0.0
2024-10-22 22:45:00,9.2,1033.2,96.0,,2.9,,,3.0,,0.0,,
2024-10-22 22:50:00,10.2,1033.7,94.0,,6.1,,,132.0,,0.0,0.0,0.0
2024-10-22 23:00:00,9.75,1033.65,96.5,6050.0,5.775,10.8,14.4,92.75,0.0,0.0,0.0,0.0
2024-10-22 23:10:00,10.2,1033.8,94.0,,4.5,,,132.0,,0.0,0.0,0.0
2024-10-22 23:15:00,8.9,1033.3,95.0,,2.0,,,24.0,,0.0,,
2024-10-22 23:20:00,10.1,1033.8,94.0,,5.1,,,132.0,,0.0,0.0,0.0
2024-10-22 23:30:00,9.3,1033.6,94.5,,3.75,,,74.0,,0.0,0.0,0.0
2024-10-22 23:40:00,10.0,1033.9,95.0,,4.2,,,132.0,,0.0,0.0,0.0
2024-10-22 23:45:00,8.4,1033.2,96.0,,3.2,,,10.0,,0.0,,
2024-10-22 23:50:00,10.1,1033.9,95.0,,4.1,,,132.0,,0.0,0.0,0.0
2024-10-23 00:00:00,9.175,1033.625,96.75,5100.0,4.75,9.0,10.8,107.5,0.0,0.0,0.0,0.0
2024-10-23 00:10:00,9.7,1033.8,95.0,,4.6,,,132.0,,0.0,0.0,0.0
2024-10-23 00:15:00,8.4,1033.1,96.0,,3.2,,,1.0,,0.0,,
2024-10-23 00:20:00,9.6,1033.7,95.0,,6.0,,,134.0,,0.0,0.0,0.0
2024-10-23 00:30:00,8.85,1033.4,95.5,,5.1,,,75.5,,0.0,0.0,0.0
2024-10-23 00:40:00,9.6,1033.7,95.0,,6.4,,,124.0,,0.0,0.0,0.0
2024-10-23 00:45:00,8.2,1033.1,96.0,,2.9,,,17.0,,0.0,,
2024-10-23 00:50:00,9.6,1033.6,95.0,,8.5,,,118.0,,0.0,0.0,0.0
2024-10-23 01:00:00,8.65,1033.5,97.0,7050.0,5.45,10.8,14.4,93.75,0.0,0.0,0.0,0.0
2024-10-23 01:10:00,9.6,1033.7,95.0,,5.3,,,119.0,,0.0,0.0,0.0
2024-10-23 01:15:00,7.8,1033.0,96.0,,3.2,,,9.0,,0.0,,
2024-10-23 01:20:00,9.4,1033.6,95.0,,3.9,,,144.0,,0.0,0.0,0.0
2024-10-23 01:30:00,8.55,1033.3,95.5,,3.65,,,79.5,,0.0,0.0,0.0
2024-10-23 01:40:00,9.2,1033.7,96.0,,5.9,,,150.0,,0.0,0.0,0.0
2024-10-23 01:45:00,7.8,1032.9,96.0,,1.9,,,349.0,,0.0,,
2024-10-23 01:50:00,9.2,1033.5,96.0,,5.8,,,145.0,,0.0,0.0,0.0
2024-10-23 02:00:00,8.25,1033.35,97.25,8050.0,4.9,12.6,18.0,236.0,0.0,0.0,0.0,0.0
2024-10-23 02:10:00,8.9,1033.4,96.0,,6.1,,,130.0,,0.0,0.0,0.0
2024-10-23 02:15:00,7.1,1032.8,96.0,,3.0,,,17.0,,0.0,,
2024-10-23 02:20:00,8.9,1033.4,96.0,,6.2,,,126.0,,0.0,0.0,0.0
2024-10-23 02:30:00,7.8500000000000005,1033.0,96.0,,3.75,,,72.5,,0.0,0.0,0.0
2024-10-23 02:40:00,8.6,1033.3,96.0,,2.9,,,136.0,,0.0,0.0,0.0
2024-10-23 02:45:00,6.9,1032.6,96.0,,2.5,,,9.0,,0.0,,
2024-10-23 02:50:00,8.7,1033.4,96.0,,7.9,,,142.0,,0.0,0.0,0.0
2024-10-23 03:00:00,8.025,1033.05,97.5,4550.0,5.8500000000000005,9.0,14.4,102.0,0.0,0.0,0.0,0.0
2024-10-23 03:10:00,8.3,1033.2,96.0,,9.3,,,146.0,,0.0,0.0,0.0
2024-10-23 03:15:00,6.8,1032.4,96.0,,3.5,,,19.0,,0.0,,
2024-10-23 03:20:00,8.2,1033.1,96.0,,9.8,,,143.0,,0.0,0.0,0.0
2024-10-23 03:30:00,7.4,1032.75,96.0,,6.3500000000000005,,,82.0,,0.0,0.0,0.0
2024-10-23 03:40:00,7.8,1033.1,96.0,,6.5,,,145.0,,0.0,0.0,0.0
2024-10-23 03:45:00,6.8,1032.2,97.0,,3.0,,,7.0,,0.0,,
2024-10-23 03:50:00,7.8,1033.1,96.0,,4.6,,,150.0,,0.0,0.0,0.0
2024-10-23 04:00:00,7.825,1032.85,98.0,5100.0,4.8,12.600000000000001,14.4,100.25,0.0,0.0,0.0,0.0
2024-10-23 04:10:00,7.9,1033.0,96.0,,6.5,,,136.0,,0.0,0.0,0.0
2024-10-23 04:15:00,6.8,1032.4,97.0,,4.0,,,3.0,,0.0,,
2024-10-23 04:20:00,7.9,1033.0,96.0,,5.9,,,139.0,,0.0,0.0,0.0
2024-10-23 04:30:00,7.6,1032.65,97.0,,6.05,,,75.5,,0.0,0.0,0.0
2024-10-23 04:40:00,7.7,1033.0,96.0,,9.8,,,,,0.0,0.0,0.0
2024-10-23 04:45:00,7.2,1032.2,97.0,,2.2,,,4.0,,0.0,,
2024-10-23 04:50:00,7.7,1033.1,96.0,,9.7,,,137.0,,0.0,0.0,0.0
2024-10-23 05:00:00,7.574999999999999,1032.75,97.75,3050.0,5.675,12.6,18.0,101.75,0.0,0.0,0.0,0.0
2024-10-23 05:10:00,7.6,1033.0,96.0,,5.0,,,134.0,,0.0,0.0,0.0
2024-10-23 05:15:00,6.3,1032.1,97.0,,1.9,,,13.0,,0.0,,
2024-10-23 05:20:00,7.5,1033.0,96.0,,6.1,,,139.0,,0.0,0.0,0.0
2024-10-23 05:30:00,7.2,1032.6,96.5,,5.05,,,10.0,,0.0,0.0,0.0
2024-10-23 05:40:00,7.6,1033.0,96.0,,6.3,,,137.0,,0.0,0.0,0.0
2024-10-23 05:45:00,6.9,1031.9,97.0,,4.6,,,14.0,,0.0,,
2024-10-23 05:50:00,7.4,1033.0,96.0,,6.3,,,133.0,,0.0,0.0,0.0
2024-10-23 06:00:00,7.4,1032.575,98.0,200.0,7.2,12.600000000000001,14.4,100.0,0.0,0.0,0.0,0.0
2024-10-23 06:10:00,7.4,1032.8,97.0,,3.7,,,147.0,,0.0,0.0,0.0
2024-10-23 06:15:00,6.8,1031.8,97.0,,5.3,,,13.0,,0.0,,
2024-10-23 06:20:00,7.3,1032.8,97.0,,4.0,,,147.0,,0.0,0.0,0.0
2024-10-23 06:30:00,7.1,1032.2,97.0,,3.4,,,78.0,,0.0,0.0,0.0
2024-10-23 06:40:00,7.4,1032.8,97.0,,4.0,,,147.0,,0.0,0.0,0.0
2024-10-23 06:45:00,6.8,1031.6,97.0,,4.5,,,9.0,,0.0,,
2024-10-23 06:50:00,7.2,1032.8,96.0,,3.0,,,147.0,,0.0,7.0,0.0
2024-10-23 07:00:00,7.075,1032.525,98.25,200.0,4.925,10.8,14.4,84.25,0.0,0.0,14.0,0.0
2024-10-23 07:10:00,7.4,1032.9,97.0,,8.5,,,132.0,,0.0,28.0,0.0
2024-10-23 07:15:00,6.9,1031.7,97.0,,5.1,,,12.0,,0.0,,
2024-10-23 07:20:00,7.3,1033.0,97.0,,7.5,,,147.0,,0.0,46.0,0.0
2024-10-23 07:30:00,7.25,1032.4,97.0,,6.050000000000001,,,74.0,,0.0,37.0,0.0
2024-10-23 07:40:00,7.3,1033.1,97.0,,10.9,,,136.0,,0.0,53.0,0.0
2024-10-23 07:45:00,7.3,1031.9,97.0,,6.4,,,15.0,,0.0,,
2024-10-23 07:50:00,7.3,1033.1,97.0,,9.8,,,144.0,,0.0,63.0,0.0
2024-10-23 08:00:00,8.125,1032.55,98.25,5550.0,6.525,10.8,14.4,93.0,0.0,0.0,79.0,0.0
2024-10-23 08:10:00,7.5,1033.1,97.0,,7.5,,,159.0,,0.0,70.0,0.0
2024-10-23 08:15:00,7.6,1031.9,97.0,,3.9,,,5.0,,0.0,,
2024-10-23 08:20:00,7.7,1033.1,97.0,,8.7,,,149.0,,0.0,77.0,0.0
2024-10-23 08:30:00,7.9,1032.6,97.0,,5.7,,,83.0,,0.0,104.0,0.0
2024-10-23 08:40:00,8.6,1033.2,97.0,,7.8,,,143.0,,0.0,111.0,0.0
2024-10-23 08:45:00,8.1,1032.1,97.0,,2.7,,,35.0,,0.0,,
2024-10-23 08:50:00,8.8,1033.2,97.0,,8.1,,,150.0,,0.0,123.0,0.0
2024-10-23 09:00:00,9.325,1032.625,97.5,8550.0,7.9,16.2,25.2,102.0,0.0,0.0,127.0,0.6
2024-10-23 09:10:00,9.4,1033.1,97.0,,8.3,,,151.0,,0.0,134.0,0.6
2024-10-23 09:15:00,8.8,1031.8,97.0,,2.9,,,25.0,,0.0,,
2024-10-23 09:20:00,9.7,1033.1,97.0,,8.5,,,150.0,,0.0,142.0,0.6
2024-10-23 09:30:00,9.5,1032.35,97.0,,6.65,,,93.0,,0.0,130.0,0.6
2024-10-23 09:40:00,10.3,1032.9,98.0,,8.6,,,162.0,,0.0,202.0,0.8
2024-10-23 09:45:00,9.7,1031.6,97.0,,1.4,,,49.0,,0.0,,
2024-10-23 09:50:00,10.9,1032.8,98.0,,9.4,,,160.0,,0.0,396.0,1.5
2024-10-23 10:00:00,11.075,1032.25,95.0,11200.0,8.35,16.200000000000003,21.6,110.0,0.0,0.0,399.0,1.6
2024-10-23 10:10:00,11.4,1032.5,97.0,,14.0,,,151.0,,0.0,408.0,1.7
2024-10-23 10:15:00,10.6,1031.4,97.0,,1.7,,,62.0,,0.0,,
2024-10-23 10:20:00,11.7,1032.4,97.0,,12.6,,,145.0,,0.0,452.0,1.8
2024-10-23 10:30:00,11.399999999999999,1031.85,97.0,,9.649999999999999,,,126.5,,0.0,485.0,1.9
2024-10-23 10:40:00,11.8,1032.4,97.0,,13.6,,,127.0,,0.0,420.0,2.0
2024-10-23 10:45:00,11.5,1031.1,97.0,,6.4,,,107.0,,0.0,,
2024-10-23 10:50:00,12.1,1032.2,96.0,,14.1,,,123.0,,0.0,454.0,2.0
2024-10-23 11:00:00,12.675,1031.6,89.5,16000.0,10.525,19.8,25.2,119.25,0.0,0.0,457.0,2.1
2024-10-23 11:10:00,12.8,1032.0,93.0,,12.4,,,132.0,,0.0,469.0,2.2
2024-10-23 11:15:00,12.2,1030.7,92.0,,7.4,,,105.0,,0.0,,
2024-10-23 11:20:00,13.3,1031.9,92.0,,12.2,,,127.0,,0.0,476.0,2.2
2024-10-23 11:30:00,13.05,1031.2,89.5,,9.5,,,117.0,,0.0,482.0,2.2
2024-10-23 11:40:00,13.9,1031.7,88.0,,10.2,,,135.0,,0.0,485.0,2.3
2024-10-23 11:45:00,13.0,1030.3,86.0,,6.6,,,110.0,,0.0,,
2024-10-23 11:50:00,14.4,1031.5,87.0,,10.8,,,142.0,,0.0,485.0,2.3
2024-10-23 12:00:00,13.925,1030.875,83.75,17000.0,10.875,23.4,28.8,117.0,0.0,0.0,487.0,2.3
2024-10-23 12:10:00,14.9,1031.2,85.0,,11.1,,,137.0,,0.0,482.0,2.3
2024-10-23 12:15:00,13.9,1029.8,79.0,,8.0,,,122.0,,0.0,,
2024-10-23 12:20:00,15.3,1031.1,84.0,,12.3,,,132.0,,0.0,482.0,2.3
2024-10-23 12:30:00,14.95,1030.25,80.5,,11.05,,,133.5,,0.0,482.0,2.3
2024-10-23 12:40:00,15.6,1030.7,81.0,,15.0,,,131.0,,0.0,475.0,2.2
2024-10-23 12:45:00,14.7,1029.3,78.0,,8.7,,,136.0,,0.0,,
2024-10-23 12:50:00,15.8,1030.6,80.0,,14.9,,,132.0,,0.0,466.0,2.1
2024-10-23 13:00:00,15.625,1029.7250000000001,75.0,22500.0,14.925,27.0,28.8,123.5,0.0,0.0,462.0,2.0
2024-10-23 13:10:00,16.1,1030.2,79.0,,14.1,,,133.0,,0.0,462.0,2.0
2024-10-23 13:15:00,15.2,1028.5,75.0,,12.5,,,127.0,,0.0,,
2024-10-23 13:20:00,15.9,1030.0,80.0,,16.1,,,126.0,,0.0,466.0,1.9
2024-10-23 13:30:00,15.75,1029.1,78.0,,13.8,,,137.5,,0.0,450.0,1.8
2024-10-23 13:40:00,16.2,1029.6,78.0,,15.0,,,134.0,,0.0,418.0,1.7
2024-10-23 13:45:00,15.7,1028.1,74.0,,13.6,,,122.0,,0.0,,
2024-10-23 13:50:00,16.2,1029.3,77.0,,16.3,,,147.0,,0.0,410.0,1.6
2024-10-23 14:00:00,16.175,1028.8,72.0,17500.0,14.5,30.6,32.4,132.5,0.0,0.0,390.0,1.5
2024-10-23 15:00:00,16.65,1027.8,66.0,19000.0,18.0,30.6,32.4,130.0,0.0,,,
2024-10-23 15:30:00,16.25,1027.35,71.5,,13.25,,,139.0,,0.0,188.0,0.0
2024-10-23 15:40:00,15.9,1028.0,75.0,,15.7,,,139.0,,0.0,158.0,0.0
2024-10-23 15:45:00,16.6,1026.5,69.0,,10.3,,,142.0,,0.0,,
2024-10-23 15:50:00,15.7,1027.7,76.0,,11.1,,,147.0,,0.0,130.0,0.0
2024-10-23 16:00:00,16.1,1027.0500000000002,69.5,27000.0,11.7,27.0,28.8,134.0,0.0,0.0,100.0,0.0
2024-10-23 16:10:00,15.5,1027.5,78.0,,6.1,,,146.0,,0.0,74.0,0.0
2024-10-23 16:15:00,16.3,1026.1,71.0,,8.0,,,135.0,,0.0,,
2024-10-23 16:20:00,15.3,1027.4,79.0,,5.8,,,146.0,,0.0,53.0,0.0
2024-10-23 16:30:00,15.55,1026.6,76.5,,6.8500000000000005,,,137.0,,0.0,33.0,0.0
2024-10-23 16:40:00,15.1,1027.3,80.0,,4.8,,,146.0,,0.0,19.0,0.0
2024-10-23 16:45:00,15.7,1025.7,74.0,,7.3,,,125.0,,0.0,,
2024-10-23 16:50:00,14.9,1027.2,80.0,,3.5,,,146.0,,0.0,12.0,0.0
2024-10-23 17:00:00,14.475,1026.55,76.75,52500.0,8.6,25.200000000000003,28.8,132.0,0.0,0.0,7.0,0.0
2024-10-23 17:10:00,14.2,1027.2,82.0,,5.2,,,117.0,,0.0,0.0,0.0
2024-10-23 17:15:00,14.4,1025.5,79.0,,5.6,,,134.0,,0.0,,
2024-10-23 17:20:00,13.8,1027.1,82.0,,5.8,,,109.0,,0.0,0.0,0.0
2024-10-23 17:30:00,13.85,1026.25,82.0,,5.85,,,121.0,,0.0,0.0,0.0
2024-10-23 17:40:00,13.4,1027.1,83.0,,5.4,,,106.0,,0.0,0.0,0.0
2024-10-23 17:45:00,13.8,1025.6,82.0,,3.6,,,113.0,,0.0,,
2024-10-23 17:50:00,13.3,1027.0,84.0,,6.0,,,104.0,,0.0,0.0,0.0
2024-10-23 18:00:00,12.675,1026.525,82.5,39000.0,6.925000000000001,18.0,21.6,99.25,0.0,0.0,0.0,0.0
2024-10-23 18:10:00,12.9,1027.0,84.0,,3.6,,,98.0,,0.0,0.0,0.0
2024-10-23 18:15:00,13.2,1025.6,81.0,,6.1,,,80.0,,0.0,,
2024-10-23 18:20:00,12.8,1027.1,85.0,,1.7,,,98.0,,0.0,0.0,0.0
2024-10-23 18:30:00,12.75,1026.3,84.0,,3.6,,,99.0,,0.0,0.0,0.0
2024-10-23 18:40:00,12.3,1026.9,86.0,,3.9,,,98.0,,0.0,0.0,0.0
2024-10-23 18:45:00,12.6,1025.4,84.0,,4.1,,,84.0,,0.0,,
2024-10-23 18:50:00,12.1,1026.9,87.0,,4.8,,,98.0,,0.0,0.0,0.0
2024-10-23 19:00:00,11.95,1026.2,85.75,39500.0,8.525,19.8,21.6,101.75,0.05,0.0,0.0,0.0
2024-10-23 19:10:00,11.7,1026.7,88.0,,3.2,,,98.0,,0.0,0.0,0.0
2024-10-23 19:15:00,12.2,1025.3,84.0,,4.2,,,87.0,,0.0,,
2024-10-23 19:20:00,11.5,1026.6,89.0,,3.5,,,98.0,,0.0,0.0,0.0
2024-10-23 19:30:00,11.7,1025.85,87.0,,3.35,,,94.0,,0.0,0.0,0.0
2024-10-23 19:40:00,11.1,1026.3,90.0,,3.4,,,98.0,,0.0,0.0,0.0
2024-10-23 19:45:00,11.9,1025.1,86.0,,3.0,,,89.0,,0.0,,
2024-10-23 19:50:00,10.9,1026.2,90.0,,2.8,,,98.0,,0.0,0.0,0.0
2024-10-23 20:00:00,11.175,1025.5749999999998,87.75,25500.0,7.925,18.0,25.2,107.0,0.0,0.0,0.0,0.0
2024-10-23 20:10:00,10.7,1026.1,91.0,,1.7,,,98.0,,0.0,0.0,0.0
2024-10-23 20:15:00,11.7,1024.6,87.0,,3.3,,,95.0,,0.0,,
2024-10-23 20:20:00,10.4,1025.9,91.0,,3.2,,,98.0,,0.0,0.0,0.0
2024-10-23 20:30:00,11.05,1025.05,89.0,,3.5500000000000003,,,103.5,,0.0,0.0,0.0
2024-10-23 20:40:00,10.1,1025.6,92.0,,1.1,,,98.0,,0.0,0.0,0.0
2024-10-23 20:45:00,11.5,1024.2,88.0,,4.5,,,124.0,,0.0,,
2024-10-23 20:50:00,10.0,1025.5,92.0,,2.9,,,124.0,,0.0,0.0,0.0
2024-10-23 21:00:00,10.675,1024.85,90.25,17500.0,9.075000000000001,21.6,32.4,135.75,0.0,0.0,0.0,0.0
2024-10-23 21:10:00,9.8,1025.4,93.0,,3.4,,,163.0,,0.0,0.0,0.0
2024-10-23 21:15:00,11.6,1023.8,88.0,,4.6,,,122.0,,0.0,,
2024-10-23 21:20:00,9.7,1025.3,93.0,,6.2,,,154.0,,0.0,0.0,0.0
2024-10-23 21:30:00,10.649999999999999,1024.45,90.5,,5.2,,,118.5,,0.0,0.0,0.0
2024-10-23 21:40:00,9.5,1025.3,94.0,,7.3,,,132.0,,0.0,0.0,0.0
2024-10-23 21:45:00,11.5,1023.6,89.0,,2.6,,,101.0,,0.0,,
2024-10-23 21:50:00,9.5,1025.1,94.0,,7.5,,,138.0,,0.0,0.0,0.0
2024-10-23 22:00:00,10.575,1024.35,90.0,24000.0,10.0,25.2,36.0,125.25,0.0,0.0,0.0,0.0
2024-10-23 22:10:00,9.4,1024.9,94.0,,9.7,,,142.0,,0.0,0.0,0.0
2024-10-23 22:15:00,11.7,1023.3,88.0,,4.2,,,112.0,,0.0,,
2024-10-23 22:20:00,9.4,1024.7,94.0,,10.7,,,145.0,,0.0,0.0,0.0
2024-10-23 22:30:00,10.55,1023.9,91.0,,8.35,,,126.0,,0.0,0.0,0.0
2024-10-23 22:40:00,9.4,1024.4,94.0,,12.5,,,144.0,,0.0,0.0,0.0
2024-10-23 22:45:00,11.8,1023.0,88.0,,5.8,,,118.0,,0.0,,
2024-10-23 22:50:00,9.4,1024.3,94.0,,13.0,,,146.0,,0.0,0.0,0.0
2024-10-23 23:00:00,10.7,1023.7,89.75,20500.0,12.175,25.2,32.4,126.25,0.0,0.0,0.0,0.0
2024-10-23 23:10:00,9.4,1024.0,94.0,,14.4,,,146.0,,0.0,0.0,0.0
2024-10-23 23:15:00,11.9,1022.5,89.0,,5.1,,,127.0,,0.0,,
2024-10-23 23:20:00,9.5,1024.0,94.0,,13.3,,,143.0,,0.0,0.0,0.0
2024-10-23 23:30:00,10.7,1023.0,91.5,,9.399999999999999,,,131.5,,0.0,0.0,0.0
2024-10-23 23:40:00,9.7,1023.7,94.0,,13.1,,,138.0,,0.0,0.0,0.0
2024-10-23 23:45:00,11.8,1021.9,89.0,,6.0,,,120.0,,0.0,,
2024-10-23 23:50:00,9.7,1023.6,94.0,,13.3,,,140.0,,0.0,0.0,0.0
2024-10-24 00:00:00,10.525,1022.9,90.75,24000.0,9.975,21.6,25.2,127.75,0.0,0.0,0.0,0.0
2024-10-24 00:10:00,9.7,1023.4,93.0,,11.7,,,143.0,,0.0,0.0,0.0
2024-10-24 00:15:00,11.7,1021.4,90.0,,5.7,,,122.0,,0.0,,
2024-10-24 00:20:00,9.7,1023.2,94.0,,13.1,,,143.0,,0.0,0.0,0.0
2024-10-24 00:30:00,10.649999999999999,1022.05,91.5,,9.4,,,129.5,,0.0,0.0,0.0
2024-10-24 00:40:00,9.7,1022.9,93.0,,11.6,,,138.0,,0.0,0.0,0.0
2024-10-24 00:45:00,11.5,1021.1,91.0,,6.4,,,127.0,,0.0,,
2024-10-24 00:50:00,9.7,1022.8,93.0,,11.4,,,131.0,,0.0,0.0,0.0
2024-10-24 01:00:00,10.475,1021.95,91.5,34500.0,11.975,27.0,32.4,125.5,0.0,0.0,0.0,0.0
2024-10-24 01:10:00,9.7,1022.6,93.0,,10.9,,,136.0,,0.0,0.0,0.0
2024-10-24 01:15:00,11.4,1020.7,91.0,,3.9,,,136.0,,0.0,,
2024-10-24 01:20:00,9.7,1022.4,93.0,,12.9,,,129.0,,0.0,0.0,0.0
2024-10-24 01:30:00,10.65,1021.35,92.5,,9.75,,,131.5,,0.0,0.0,0.0
2024-10-24 01:40:00,10.0,1022.0,93.0,,16.1,,,133.0,,0.0,0.0,0.0
2024-10-24 01:45:00,11.6,1020.4,92.0,,2.3,,,142.0,,0.0,,
2024-10-24 01:50:00,9.9,1021.9,93.0,,14.7,,,133.0,,0.0,0.0,0.0
2024-10-24 02:00:00,10.600000000000001,1021.1,92.25,23500.0,12.575000000000001,27.0,32.4,124.25,0.0,0.0,0.0,0.0
2024-10-24 02:10:00,10.0,1021.5,93.0,,17.4,,,132.0,,0.0,0.0,0.0
2024-10-24 02:15:00,11.9,1019.9,93.0,,4.5,,,115.0,,0.0,,
2024-10-24 02:20:00,10.0,1021.3,93.0,,18.3,,,132.0,,0.0,0.0,0.0
2024-10-24 02:30:00,10.95,1020.4000000000001,93.0,,10.85,,,129.0,,0.0,0.0,0.0
2024-10-24 02:40:00,9.8,1021.0,92.0,,17.4,,,132.0,,0.0,0.0,0.0
2024-10-24 02:45:00,12.1,1019.4,93.0,,3.7,,,97.0,,0.0,,
2024-10-24 02:50:00,9.7,1020.8,93.0,,15.9,,,129.0,,0.0,0.0,0.0
2024-10-24 03:00:00,10.525,1020.125,93.0,21000.0,13.05,28.8,36.0,132.25,0.0,0.0,0.0,0.0
2024-10-24 03:10:00,9.4,1020.6,93.0,,15.1,,,131.0,,0.0,0.0,0.0
2024-10-24 03:15:00,12.2,1019.0,93.0,,4.2,,,126.0,,0.0,,
2024-10-24 03:20:00,9.4,1020.6,93.0,,15.2,,,134.0,,0.0,0.0,0.0
2024-10-24 03:30:00,10.850000000000001,1019.5999999999999,93.0,,9.2,,,121.0,,0.0,0.0,0.0
2024-10-24 03:40:00,9.3,1020.3,93.0,,15.0,,,129.0,,0.0,0.0,0.0
2024-10-24 03:45:00,12.4,1018.7,94.0,,2.2,,,111.0,,0.0,,
2024-10-24 03:50:00,9.2,1020.2,93.0,,12.8,,,134.0,,0.0,0.0,0.0
2024-10-24 04:00:00,10.675,1019.525,94.0,21000.0,12.775,30.6,39.6,134.0,0.0,0.0,0.0,0.0
2024-10-24 04:10:00,9.1,1019.9,94.0,,13.3,,,131.0,,0.0,0.0,0.0
2024-10-24 04:15:00,13.1,1018.4,94.0,,5.8,,,131.0,,0.0,,
2024-10-24 04:20:00,8.9,1019.9,94.0,,14.0,,,125.0,,0.0,0.0,0.0
2024-10-24 04:30:00,11.05,1019.0999999999999,94.0,,12.15,,,135.0,,0.0,0.0,0.0
2024-10-24 04:40:00,8.9,1019.7,94.0,,14.4,,,123.0,,0.0,0.0,0.0
2024-10-24 04:45:00,13.1,1018.3,94.0,,6.5,,,174.0,,0.0,,
2024-10-24 04:50:00,8.9,1019.7,94.0,,14.2,,,128.0,,0.0,0.0,0.0
2024-10-24 05:00:00,10.775,1019.075,94.5,17000.0,11.85,27.0,36.0,139.25,0.0,0.0,0.0,0.0
2024-10-24 05:10:00,8.8,1019.4,94.0,,12.9,,,139.0,,0.0,0.0,0.0
2024-10-24 05:15:00,12.9,1018.0,95.0,,5.1,,,160.0,,0.0,,
2024-10-24 05:20:00,8.7,1019.4,94.0,,14.4,,,133.0,,0.0,0.0,0.0
2024-10-24 05:30:00,10.95,1018.65,94.5,,9.9,,,142.0,,0.0,0.0,0.0
2024-10-24 05:40:00,8.7,1019.5,94.0,,12.1,,,141.0,,0.0,0.0,0.0
2024-10-24 05:45:00,13.1,1017.7,95.0,,4.7,,,163.0,,0.0,,
2024-10-24 05:50:00,8.6,1019.4,94.0,,9.8,,,148.0,,0.0,0.0,0.0
2024-10-24 06:00:00,10.825,1018.475,95.0,16000.0,10.875,27.0,32.4,141.75,0.0,0.0,0.0,0.0
2024-10-24 06:10:00,8.6,1019.1,95.0,,12.9,,,133.0,,0.0,0.0,0.0
2024-10-24 06:15:00,13.2,1017.2,95.0,,5.4,,,151.0,,0.0,,
2024-10-24 06:20:00,8.6,1019.1,95.0,,14.5,,,133.0,,0.0,0.0,0.0
2024-10-24 06:30:00,10.95,1018.1,95.0,,9.55,,,141.0,,0.0,0.0,0.0
2024-10-24 06:40:00,8.5,1019.2,95.0,,13.6,,,144.0,,0.0,0.0,0.0
2024-10-24 06:45:00,13.3,1017.2,95.0,,3.8,,,147.0,,0.0,,
2024-10-24 06:50:00,8.5,1019.2,95.0,,10.5,,,157.0,,0.0,0.0,0.0
2024-10-24 07:00:00,10.95,1018.325,95.5,14500.0,9.325000000000001,25.200000000000003,28.8,139.25,0.0,0.0,7.0,0.0
2024-10-24 07:10:00,8.8,1019.2,95.0,,10.9,,,146.0,,0.0,11.0,0.0
2024-10-24 07:15:00,13.4,1017.2,96.0,,4.5,,,145.0,,0.0,,
2024-10-24 07:20:00,8.9,1019.1,95.0,,10.7,,,139.0,,0.0,18.0,0.0
2024-10-24 07:30:00,11.399999999999999,1018.15,95.5,,8.5,,,136.5,,0.0,25.0,0.0
2024-10-24 07:40:00,9.3,1018.9,95.0,,13.7,,,133.0,,0.0,30.0,0.0
2024-10-24 07:45:00,13.8,1017.4,96.0,,4.4,,,137.0,,0.0,,
2024-10-24 07:50:00,9.6,1019.0,95.0,,11.2,,,145.0,,0.0,32.0,0.0
2024-10-24 08:00:00,11.8,1018.15,95.5,17000.0,13.5,28.8,36.0,139.25,0.0,0.0,44.0,0.0
2024-10-24 08:10:00,10.0,1018.7,95.0,,12.5,,,144.0,,0.0,58.0,0.0
2024-10-24 08:15:00,14.4,1017.2,96.0,,6.8,,,132.0,,0.0,,
2024-10-24 08:20:00,10.3,1018.5,96.0,,16.4,,,136.0,,0.0,65.0,0.0
2024-10-24 08:30:00,12.6,1017.75,95.5,,13.100000000000001,,,129.5,,0.0,74.0,0.0
2024-10-24 08:40:00,10.7,1018.6,96.0,,13.7,,,141.0,,0.0,70.0,0.0
2024-10-24 08:45:00,14.9,1017.0,94.0,,9.2,,,124.0,,0.0,,
2024-10-24 08:50:00,10.8,1018.4,96.0,,13.4,,,141.0,,0.0,113.0,0.0
2024-10-24 09:00:00,13.0,1017.825,94.25,13000.0,15.4,28.8,36.0,139.0,0.0,0.0,229.0,0.7
2024-10-24 09:10:00,11.2,1018.3,96.0,,14.8,,,139.0,,0.0,211.0,0.9
2024-10-24 09:15:00,15.7,1016.9,93.0,,12.4,,,126.0,,0.0,,
2024-10-24 09:20:00,11.8,1018.3,97.0,,11.3,,,144.0,,0.0,216.0,0.9
2024-10-24 09:30:00,13.8,1017.55,94.5,,12.0,,,143.5,,0.0,278.0,1.0
2024-10-24 09:40:00,12.2,1018.3,96.0,,12.5,,,158.0,,0.0,244.0,1.2
2024-10-24 09:45:00,16.2,1016.7,92.0,,13.3,,,133.0,,0.0,,
2024-10-24 09:50:00,12.3,1018.3,95.0,,15.9,,,148.0,,0.0,417.0,1.5
2024-10-24 10:00:00,14.675,1017.575,92.5,10400.0,16.075,34.2,46.8,148.0,0.0,0.0,301.0,1.3
2024-10-24 10:10:00,13.2,1018.1,95.0,,13.4,,,148.0,,0.0,420.0,1.7
2024-10-24 10:15:00,16.2,1016.6,91.0,,16.1,,,151.0,,0.0,,
2024-10-24 10:20:00,13.9,1017.9,94.0,,12.4,,,152.0,,0.0,410.0,1.7
2024-10-24 10:30:00,15.25,1017.2,92.5,,14.0,,,146.0,,0.0,420.0,1.8
2024-10-24 10:40:00,15.1,1017.5,92.0,,15.0,,,153.0,,0.0,352.0,2.0
2024-10-24 10:45:00,16.3,1016.4,92.0,,15.2,,,130.0,,0.0,,
2024-10-24 10:50:00,15.2,1017.7,91.0,,17.3,,,150.0,,0.0,366.0,1.6
2024-10-24 11:00:00,15.7,1017.0,89.75,16500.0,16.775,32.400000000000006,43.2,146.0,0.0,0.0,415.0,1.8
2024-10-24 11:10:00,16.3,1017.4,89.0,,14.5,,,153.0,,0.0,596.0,2.1
2024-10-24 11:15:00,,,93.0,,,,,,,0.0,,
2024-10-24 11:20:00,16.3,1017.3,88.0,,13.5,,,163.0,,0.0,640.0,1.8
2024-10-24 11:30:00,16.4,1016.45,90.5,,15.55,,,131.0,,0.0,214.0,2.3
2024-10-24 11:40:00,15.9,1017.0,89.0,,20.0,,,163.0,,0.0,206.0,1.9
2024-10-24 11:45:00,16.9,1015.5,93.0,,14.0,,,133.0,,0.0,,
2024-10-24 11:50:00,15.8,1017.0,90.0,,21.8,,,158.0,,0.0,316.0,1.7
2024-10-24 12:00:00,16.525,1016.075,87.75,22000.0,15.8,30.6,43.2,156.5,0.0,0.0,304.0,1.7
2024-10-24 12:10:00,15.6,1016.5,91.0,,21.4,,,160.0,,0.0,299.0,1.7
2024-10-24 12:15:00,18.1,1015.0,88.0,,11.7,,,153.0,,0.0,,
2024-10-24 12:20:00,16.1,1016.4,90.0,,19.3,,,165.0,,0.0,478.0,1.8
2024-10-24 12:30:00,17.1,1015.5999999999999,88.5,,14.850000000000001,,,161.5,,0.0,209.0,2.1
2024-10-24 12:40:00,16.5,1016.2,89.0,,19.1,,,164.0,,0.0,427.0,1.8
2024-10-24 12:45:00,18.1,1014.6,89.0,,10.7,,,159.0,,0.0,,
2024-10-24 12:50:00,16.9,1016.2,88.0,,20.3,,,169.0,,0.0,499.0,2.1
2024-10-24 13:00:00,17.875,1015.275,84.25,18500.0,17.675,37.8,54.0,166.25,0.0,0.0,457.0,2.0
2024-10-24 13:10:00,16.7,1016.0,88.0,,23.3,,,164.0,,0.0,441.0,1.9
2024-10-24 13:15:00,18.6,1014.3,86.0,,11.2,,,160.0,,0.0,,
2024-10-24 13:20:00,16.8,1015.8,88.0,,24.6,,,161.0,,0.0,425.0,1.8
2024-10-24 13:30:00,17.85,1014.85,86.0,,16.4,,,158.0,,0.0,246.0,1.4
2024-10-24 13:40:00,17.0,1015.6,87.0,,23.0,,,161.0,,0.0,329.0,1.5
2024-10-24 13:45:00,19.1,1013.7,84.0,,13.7,,,163.0,,0.0,,
2024-10-24 13:50:00,17.3,1015.3,87.0,,21.2,,,157.0,,0.0,350.0,1.5
